[17-Nov-2025 01:44:37 Europe/Berlin] Cart.php - Request received: POST
[17-Nov-2025 01:44:37 Europe/Berlin] Cart.php - Request body: {"action":"add","product_id":46,"quantity":1}
[17-Nov-2025 01:44:37 Europe/Berlin] JWT Auth - Token received: YES
[17-Nov-2025 01:44:37 Europe/Berlin] JWT Auth - Token validated successfully for user_id: 0
[17-Nov-2025 01:44:37 Europe/Berlin] Cart.php - Authenticated user_id: 0
[17-Nov-2025 01:44:37 Europe/Berlin] Cart.php - Action: add
[17-Nov-2025 01:44:37 Europe/Berlin] Cart.php - Data: {"action":"add","product_id":46,"quantity":1}
[17-Nov-2025 01:44:37 Europe/Berlin] Cart.php - Add action: product_id=46, quantity=1
[17-Nov-2025 01:44:37 Europe/Berlin] Cart.php - Checking if product already in cart for user 0
[17-Nov-2025 01:44:38 Europe/Berlin] Cart.php - Product already in cart, updating quantity
[17-Nov-2025 01:44:38 Europe/Berlin] Cart.php - Add action successful
[17-Nov-2025 01:44:38 Europe/Berlin] Cart.php - Request received: POST
[17-Nov-2025 01:44:38 Europe/Berlin] Cart.php - Request body: {"action":"add","product_id":46,"quantity":1}
[17-Nov-2025 01:44:38 Europe/Berlin] JWT Auth - Token received: YES
[17-Nov-2025 01:44:38 Europe/Berlin] JWT Auth - Token validated successfully for user_id: 0
[17-Nov-2025 01:44:38 Europe/Berlin] Cart.php - Authenticated user_id: 0
[17-Nov-2025 01:44:38 Europe/Berlin] Cart.php - Action: add
[17-Nov-2025 01:44:38 Europe/Berlin] Cart.php - Data: {"action":"add","product_id":46,"quantity":1}
[17-Nov-2025 01:44:38 Europe/Berlin] Cart.php - Add action: product_id=46, quantity=1
[17-Nov-2025 01:44:38 Europe/Berlin] Cart.php - Checking if product already in cart for user 0
[17-Nov-2025 01:44:38 Europe/Berlin] Cart.php - Product already in cart, updating quantity
[17-Nov-2025 01:44:38 Europe/Berlin] Cart.php - Add action successful
[17-Nov-2025 01:44:38 Europe/Berlin] Cart.php - Request received: POST
[17-Nov-2025 01:44:38 Europe/Berlin] Cart.php - Request body: {}
[17-Nov-2025 01:44:38 Europe/Berlin] JWT Auth - Token received: YES
[17-Nov-2025 01:44:38 Europe/Berlin] JWT Auth - Token validated successfully for user_id: 0
[17-Nov-2025 01:44:38 Europe/Berlin] Cart.php - Authenticated user_id: 0
[17-Nov-2025 01:44:38 Europe/Berlin] Cart.php - Action: list
[17-Nov-2025 01:44:38 Europe/Berlin] Cart.php - Data: []
[17-Nov-2025 01:44:38 Europe/Berlin] Cart.php - Request received: POST
[17-Nov-2025 01:44:38 Europe/Berlin] Cart.php - Request body: {}
[17-Nov-2025 01:44:38 Europe/Berlin] JWT Auth - Token received: YES
[17-Nov-2025 01:44:38 Europe/Berlin] JWT Auth - Token validated successfully for user_id: 0
[17-Nov-2025 01:44:38 Europe/Berlin] Cart.php - Authenticated user_id: 0
[17-Nov-2025 01:44:38 Europe/Berlin] Cart.php - Action: list
[17-Nov-2025 01:44:38 Europe/Berlin] Cart.php - Data: []
[17-Nov-2025 01:44:39 Europe/Berlin] Cart.php - Request received: POST
[17-Nov-2025 01:44:39 Europe/Berlin] Cart.php - Request body: {"action":"add","product_id":44,"quantity":1}
[17-Nov-2025 01:44:39 Europe/Berlin] JWT Auth - Token received: YES
[17-Nov-2025 01:44:39 Europe/Berlin] JWT Auth - Token validated successfully for user_id: 0
[17-Nov-2025 01:44:39 Europe/Berlin] Cart.php - Authenticated user_id: 0
[17-Nov-2025 01:44:39 Europe/Berlin] Cart.php - Action: add
[17-Nov-2025 01:44:39 Europe/Berlin] Cart.php - Data: {"action":"add","product_id":44,"quantity":1}
[17-Nov-2025 01:44:39 Europe/Berlin] Cart.php - Add action: product_id=44, quantity=1
[17-Nov-2025 01:44:39 Europe/Berlin] Cart.php - Checking if product already in cart for user 0
[17-Nov-2025 01:44:39 Europe/Berlin] Cart.php - Adding new product to cart
[17-Nov-2025 01:44:39 Europe/Berlin] Cart.php - Add action successful
[17-Nov-2025 01:44:39 Europe/Berlin] Cart.php - Request received: POST
[17-Nov-2025 01:44:39 Europe/Berlin] Cart.php - Request body: {}
[17-Nov-2025 01:44:39 Europe/Berlin] JWT Auth - Token received: YES
[17-Nov-2025 01:44:39 Europe/Berlin] JWT Auth - Token validated successfully for user_id: 0
[17-Nov-2025 01:44:39 Europe/Berlin] Cart.php - Authenticated user_id: 0
[17-Nov-2025 01:44:39 Europe/Berlin] Cart.php - Action: list
[17-Nov-2025 01:44:39 Europe/Berlin] Cart.php - Data: []
[17-Nov-2025 01:47:08 Europe/Berlin] Cart.php - Request received: POST
[17-Nov-2025 01:47:08 Europe/Berlin] Cart.php - Request body: {"action":"add","product_id":42,"quantity":1}
[17-Nov-2025 01:47:08 Europe/Berlin] JWT Auth - Token received: YES
[17-Nov-2025 01:47:08 Europe/Berlin] JWT Auth - Token validated successfully for user_id: 0
[17-Nov-2025 01:47:08 Europe/Berlin] Cart.php - Authenticated user_id: 0
[17-Nov-2025 01:47:08 Europe/Berlin] Cart.php - Action: add
[17-Nov-2025 01:47:08 Europe/Berlin] Cart.php - Data: {"action":"add","product_id":42,"quantity":1}
[17-Nov-2025 01:47:08 Europe/Berlin] Cart.php - Add action: product_id=42, quantity=1
[17-Nov-2025 01:47:08 Europe/Berlin] Cart.php - Checking if product already in cart for user 0
[17-Nov-2025 01:47:08 Europe/Berlin] Cart.php - Adding new product to cart
[17-Nov-2025 01:47:08 Europe/Berlin] Cart.php - Add action successful
[17-Nov-2025 01:47:08 Europe/Berlin] Cart.php - Request received: POST
[17-Nov-2025 01:47:08 Europe/Berlin] Cart.php - Request body: {}
[17-Nov-2025 01:47:08 Europe/Berlin] JWT Auth - Token received: YES
[17-Nov-2025 01:47:08 Europe/Berlin] JWT Auth - Token validated successfully for user_id: 0
[17-Nov-2025 01:47:08 Europe/Berlin] Cart.php - Authenticated user_id: 0
[17-Nov-2025 01:47:08 Europe/Berlin] Cart.php - Action: list
[17-Nov-2025 01:47:08 Europe/Berlin] Cart.php - Data: []
[17-Nov-2025 01:47:10 Europe/Berlin] Cart.php - Request received: POST
[17-Nov-2025 01:47:10 Europe/Berlin] Cart.php - Request body: {"action":"add","product_id":41,"quantity":1}
[17-Nov-2025 01:47:10 Europe/Berlin] JWT Auth - Token received: YES
[17-Nov-2025 01:47:10 Europe/Berlin] JWT Auth - Token validated successfully for user_id: 0
[17-Nov-2025 01:47:10 Europe/Berlin] Cart.php - Authenticated user_id: 0
[17-Nov-2025 01:47:10 Europe/Berlin] Cart.php - Action: add
[17-Nov-2025 01:47:10 Europe/Berlin] Cart.php - Data: {"action":"add","product_id":41,"quantity":1}
[17-Nov-2025 01:47:10 Europe/Berlin] Cart.php - Add action: product_id=41, quantity=1
[17-Nov-2025 01:47:10 Europe/Berlin] Cart.php - Checking if product already in cart for user 0
[17-Nov-2025 01:47:10 Europe/Berlin] Cart.php - Adding new product to cart
[17-Nov-2025 01:47:10 Europe/Berlin] Cart.php - Add action successful
[17-Nov-2025 01:47:10 Europe/Berlin] Cart.php - Request received: POST
[17-Nov-2025 01:47:10 Europe/Berlin] Cart.php - Request body: {}
[17-Nov-2025 01:47:10 Europe/Berlin] JWT Auth - Token received: YES
[17-Nov-2025 01:47:10 Europe/Berlin] JWT Auth - Token validated successfully for user_id: 0
[17-Nov-2025 01:47:10 Europe/Berlin] Cart.php - Authenticated user_id: 0
[17-Nov-2025 01:47:10 Europe/Berlin] Cart.php - Action: list
[17-Nov-2025 01:47:10 Europe/Berlin] Cart.php - Data: []
[17-Nov-2025 01:47:14 Europe/Berlin] Cart.php - Request received: POST
[17-Nov-2025 01:47:14 Europe/Berlin] Cart.php - Request body: {}
[17-Nov-2025 01:47:14 Europe/Berlin] JWT Auth - Token received: YES
[17-Nov-2025 01:47:14 Europe/Berlin] JWT Auth - Token validated successfully for user_id: 0
[17-Nov-2025 01:47:14 Europe/Berlin] Cart.php - Authenticated user_id: 0
[17-Nov-2025 01:47:14 Europe/Berlin] Cart.php - Action: list
[17-Nov-2025 01:47:14 Europe/Berlin] Cart.php - Data: []
[17-Nov-2025 01:47:27 Europe/Berlin] Cart.php - Request received: POST
[17-Nov-2025 01:47:27 Europe/Berlin] Cart.php - Request body: {"action":"remove","product_id":44}
[17-Nov-2025 01:47:27 Europe/Berlin] JWT Auth - Token received: YES
[17-Nov-2025 01:47:27 Europe/Berlin] JWT Auth - Token validated successfully for user_id: 0
[17-Nov-2025 01:47:27 Europe/Berlin] Cart.php - Authenticated user_id: 0
[17-Nov-2025 01:47:27 Europe/Berlin] Cart.php - Action: remove
[17-Nov-2025 01:47:27 Europe/Berlin] Cart.php - Data: {"action":"remove","product_id":44}
[17-Nov-2025 01:47:27 Europe/Berlin] Cart.php - Request received: POST
[17-Nov-2025 01:47:27 Europe/Berlin] Cart.php - Request body: {}
[17-Nov-2025 01:47:27 Europe/Berlin] JWT Auth - Token received: YES
[17-Nov-2025 01:47:27 Europe/Berlin] JWT Auth - Token validated successfully for user_id: 0
[17-Nov-2025 01:47:27 Europe/Berlin] Cart.php - Authenticated user_id: 0
[17-Nov-2025 01:47:27 Europe/Berlin] Cart.php - Action: list
[17-Nov-2025 01:47:27 Europe/Berlin] Cart.php - Data: []
[17-Nov-2025 01:47:29 Europe/Berlin] Cart.php - Request received: POST
[17-Nov-2025 01:47:29 Europe/Berlin] Cart.php - Request body: {"action":"remove","product_id":46}
[17-Nov-2025 01:47:29 Europe/Berlin] JWT Auth - Token received: YES
[17-Nov-2025 01:47:29 Europe/Berlin] JWT Auth - Token validated successfully for user_id: 0
[17-Nov-2025 01:47:29 Europe/Berlin] Cart.php - Authenticated user_id: 0
[17-Nov-2025 01:47:29 Europe/Berlin] Cart.php - Action: remove
[17-Nov-2025 01:47:29 Europe/Berlin] Cart.php - Data: {"action":"remove","product_id":46}
[17-Nov-2025 01:47:29 Europe/Berlin] Cart.php - Request received: POST
[17-Nov-2025 01:47:29 Europe/Berlin] Cart.php - Request body: {}
[17-Nov-2025 01:47:29 Europe/Berlin] JWT Auth - Token received: YES
[17-Nov-2025 01:47:29 Europe/Berlin] JWT Auth - Token validated successfully for user_id: 0
[17-Nov-2025 01:47:29 Europe/Berlin] Cart.php - Authenticated user_id: 0
[17-Nov-2025 01:47:29 Europe/Berlin] Cart.php - Action: list
[17-Nov-2025 01:47:29 Europe/Berlin] Cart.php - Data: []
[17-Nov-2025 01:47:31 Europe/Berlin] Cart.php - Request received: POST
[17-Nov-2025 01:47:31 Europe/Berlin] Cart.php - Request body: {"action":"remove","product_id":42}
[17-Nov-2025 01:47:31 Europe/Berlin] JWT Auth - Token received: YES
[17-Nov-2025 01:47:31 Europe/Berlin] JWT Auth - Token validated successfully for user_id: 0
[17-Nov-2025 01:47:31 Europe/Berlin] Cart.php - Authenticated user_id: 0
[17-Nov-2025 01:47:31 Europe/Berlin] Cart.php - Action: remove
[17-Nov-2025 01:47:31 Europe/Berlin] Cart.php - Data: {"action":"remove","product_id":42}
[17-Nov-2025 01:47:31 Europe/Berlin] Cart.php - Request received: POST
[17-Nov-2025 01:47:31 Europe/Berlin] Cart.php - Request body: {}
[17-Nov-2025 01:47:31 Europe/Berlin] JWT Auth - Token received: YES
[17-Nov-2025 01:47:31 Europe/Berlin] JWT Auth - Token validated successfully for user_id: 0
[17-Nov-2025 01:47:31 Europe/Berlin] Cart.php - Authenticated user_id: 0
[17-Nov-2025 01:47:31 Europe/Berlin] Cart.php - Action: list
[17-Nov-2025 01:47:31 Europe/Berlin] Cart.php - Data: []
[17-Nov-2025 01:47:32 Europe/Berlin] Cart.php - Request received: POST
[17-Nov-2025 01:47:32 Europe/Berlin] Cart.php - Request body: {"action":"remove","product_id":41}
[17-Nov-2025 01:47:32 Europe/Berlin] JWT Auth - Token received: YES
[17-Nov-2025 01:47:32 Europe/Berlin] JWT Auth - Token validated successfully for user_id: 0
[17-Nov-2025 01:47:32 Europe/Berlin] Cart.php - Authenticated user_id: 0
[17-Nov-2025 01:47:32 Europe/Berlin] Cart.php - Action: remove
[17-Nov-2025 01:47:32 Europe/Berlin] Cart.php - Data: {"action":"remove","product_id":41}
[17-Nov-2025 01:47:32 Europe/Berlin] Cart.php - Request received: POST
[17-Nov-2025 01:47:32 Europe/Berlin] Cart.php - Request body: {}
[17-Nov-2025 01:47:32 Europe/Berlin] JWT Auth - Token received: YES
[17-Nov-2025 01:47:32 Europe/Berlin] JWT Auth - Token validated successfully for user_id: 0
[17-Nov-2025 01:47:32 Europe/Berlin] Cart.php - Authenticated user_id: 0
[17-Nov-2025 01:47:32 Europe/Berlin] Cart.php - Action: list
[17-Nov-2025 01:47:32 Europe/Berlin] Cart.php - Data: []
[17-Nov-2025 01:47:42 Europe/Berlin] Cart.php - Request received: POST
[17-Nov-2025 01:47:42 Europe/Berlin] Cart.php - Request body: {"action":"add","product_id":45,"quantity":1}
[17-Nov-2025 01:47:42 Europe/Berlin] JWT Auth - Token received: YES
[17-Nov-2025 01:47:42 Europe/Berlin] JWT Auth - Token validated successfully for user_id: 0
[17-Nov-2025 01:47:42 Europe/Berlin] Cart.php - Authenticated user_id: 0
[17-Nov-2025 01:47:42 Europe/Berlin] Cart.php - Action: add
[17-Nov-2025 01:47:42 Europe/Berlin] Cart.php - Data: {"action":"add","product_id":45,"quantity":1}
[17-Nov-2025 01:47:42 Europe/Berlin] Cart.php - Add action: product_id=45, quantity=1
[17-Nov-2025 01:47:42 Europe/Berlin] Cart.php - Checking if product already in cart for user 0
[17-Nov-2025 01:47:42 Europe/Berlin] Cart.php - Adding new product to cart
[17-Nov-2025 01:47:42 Europe/Berlin] Cart.php - Add action successful
[17-Nov-2025 01:47:42 Europe/Berlin] Cart.php - Request received: POST
[17-Nov-2025 01:47:42 Europe/Berlin] Cart.php - Request body: {}
[17-Nov-2025 01:47:42 Europe/Berlin] JWT Auth - Token received: YES
[17-Nov-2025 01:47:42 Europe/Berlin] JWT Auth - Token validated successfully for user_id: 0
[17-Nov-2025 01:47:42 Europe/Berlin] Cart.php - Authenticated user_id: 0
[17-Nov-2025 01:47:42 Europe/Berlin] Cart.php - Action: list
[17-Nov-2025 01:47:42 Europe/Berlin] Cart.php - Data: []
[17-Nov-2025 01:47:46 Europe/Berlin] Cart.php - Request received: POST
[17-Nov-2025 01:47:46 Europe/Berlin] Cart.php - Request body: {}
[17-Nov-2025 01:47:46 Europe/Berlin] JWT Auth - Token received: YES
[17-Nov-2025 01:47:46 Europe/Berlin] JWT Auth - Token validated successfully for user_id: 0
[17-Nov-2025 01:47:46 Europe/Berlin] Cart.php - Authenticated user_id: 0
[17-Nov-2025 01:47:46 Europe/Berlin] Cart.php - Action: list
[17-Nov-2025 01:47:46 Europe/Berlin] Cart.php - Data: []
[17-Nov-2025 01:48:15 Europe/Berlin] Cart.php - Request received: POST
[17-Nov-2025 01:48:15 Europe/Berlin] Cart.php - Request body: {"action":"clear"}
[17-Nov-2025 01:48:15 Europe/Berlin] JWT Auth - Token received: YES
[17-Nov-2025 01:48:15 Europe/Berlin] JWT Auth - Token validated successfully for user_id: 0
[17-Nov-2025 01:48:15 Europe/Berlin] Cart.php - Authenticated user_id: 0
[17-Nov-2025 01:48:15 Europe/Berlin] Cart.php - Action: clear
[17-Nov-2025 01:48:15 Europe/Berlin] Cart.php - Data: {"action":"clear"}
[17-Nov-2025 01:52:54 Europe/Berlin] Cart.php - Request received: POST
[17-Nov-2025 01:52:54 Europe/Berlin] Cart.php - Request body: {"action":"add","product_id":45,"quantity":1}
[17-Nov-2025 01:52:54 Europe/Berlin] JWT Auth - Token received: YES
[17-Nov-2025 01:52:54 Europe/Berlin] JWT Auth - Token validated successfully for user_id: 0
[17-Nov-2025 01:52:54 Europe/Berlin] Cart.php - Authenticated user_id: 0
[17-Nov-2025 01:52:54 Europe/Berlin] Cart.php - Action: add
[17-Nov-2025 01:52:54 Europe/Berlin] Cart.php - Data: {"action":"add","product_id":45,"quantity":1}
[17-Nov-2025 01:52:54 Europe/Berlin] Cart.php - Add action: product_id=45, quantity=1
[17-Nov-2025 01:52:54 Europe/Berlin] Cart.php - Checking if product already in cart for user 0
[17-Nov-2025 01:52:54 Europe/Berlin] Cart.php - Adding new product to cart
[17-Nov-2025 01:52:54 Europe/Berlin] Cart.php - Add action successful
[17-Nov-2025 01:52:54 Europe/Berlin] Cart.php - Request received: POST
[17-Nov-2025 01:52:54 Europe/Berlin] Cart.php - Request body: {}
[17-Nov-2025 01:52:54 Europe/Berlin] JWT Auth - Token received: YES
[17-Nov-2025 01:52:54 Europe/Berlin] JWT Auth - Token validated successfully for user_id: 0
[17-Nov-2025 01:52:54 Europe/Berlin] Cart.php - Authenticated user_id: 0
[17-Nov-2025 01:52:54 Europe/Berlin] Cart.php - Action: list
[17-Nov-2025 01:52:54 Europe/Berlin] Cart.php - Data: []
[17-Nov-2025 01:52:55 Europe/Berlin] Cart.php - Request received: POST
[17-Nov-2025 01:52:55 Europe/Berlin] Cart.php - Request body: {"action":"add","product_id":44,"quantity":1}
[17-Nov-2025 01:52:55 Europe/Berlin] JWT Auth - Token received: YES
[17-Nov-2025 01:52:55 Europe/Berlin] JWT Auth - Token validated successfully for user_id: 0
[17-Nov-2025 01:52:55 Europe/Berlin] Cart.php - Authenticated user_id: 0
[17-Nov-2025 01:52:55 Europe/Berlin] Cart.php - Action: add
[17-Nov-2025 01:52:55 Europe/Berlin] Cart.php - Data: {"action":"add","product_id":44,"quantity":1}
[17-Nov-2025 01:52:55 Europe/Berlin] Cart.php - Add action: product_id=44, quantity=1
[17-Nov-2025 01:52:55 Europe/Berlin] Cart.php - Checking if product already in cart for user 0
[17-Nov-2025 01:52:55 Europe/Berlin] Cart.php - Adding new product to cart
[17-Nov-2025 01:52:55 Europe/Berlin] Cart.php - Add action successful
[17-Nov-2025 01:52:55 Europe/Berlin] Cart.php - Request received: POST
[17-Nov-2025 01:52:55 Europe/Berlin] Cart.php - Request body: {}
[17-Nov-2025 01:52:55 Europe/Berlin] JWT Auth - Token received: YES
[17-Nov-2025 01:52:55 Europe/Berlin] JWT Auth - Token validated successfully for user_id: 0
[17-Nov-2025 01:52:55 Europe/Berlin] Cart.php - Authenticated user_id: 0
[17-Nov-2025 01:52:55 Europe/Berlin] Cart.php - Action: list
[17-Nov-2025 01:52:55 Europe/Berlin] Cart.php - Data: []
[17-Nov-2025 01:52:58 Europe/Berlin] Cart.php - Request received: POST
[17-Nov-2025 01:52:58 Europe/Berlin] Cart.php - Request body: {}
[17-Nov-2025 01:52:58 Europe/Berlin] JWT Auth - Token received: YES
[17-Nov-2025 01:52:58 Europe/Berlin] JWT Auth - Token validated successfully for user_id: 0
[17-Nov-2025 01:52:58 Europe/Berlin] Cart.php - Authenticated user_id: 0
[17-Nov-2025 01:52:58 Europe/Berlin] Cart.php - Action: list
[17-Nov-2025 01:52:58 Europe/Berlin] Cart.php - Data: []
[17-Nov-2025 01:53:22 Europe/Berlin] Cart.php - Request received: POST
[17-Nov-2025 01:53:22 Europe/Berlin] Cart.php - Request body: {"action":"clear"}
[17-Nov-2025 01:53:22 Europe/Berlin] JWT Auth - Token received: YES
[17-Nov-2025 01:53:22 Europe/Berlin] JWT Auth - Token validated successfully for user_id: 0
[17-Nov-2025 01:53:22 Europe/Berlin] Cart.php - Authenticated user_id: 0
[17-Nov-2025 01:53:22 Europe/Berlin] Cart.php - Action: clear
[17-Nov-2025 01:53:22 Europe/Berlin] Cart.php - Data: {"action":"clear"}
[18-Nov-2025 03:24:12 Europe/Berlin] Cart.php - Request received: POST
[18-Nov-2025 03:24:12 Europe/Berlin] Cart.php - Request body: {"action":"add","product_id":46,"quantity":1}
[18-Nov-2025 03:24:12 Europe/Berlin] JWT Auth - Token received: YES
[18-Nov-2025 03:24:12 Europe/Berlin] JWT Auth - Token validated successfully for user_id: 0
[18-Nov-2025 03:24:12 Europe/Berlin] Cart.php - Authenticated user_id: 0
[18-Nov-2025 03:24:12 Europe/Berlin] Cart.php - Action: add
[18-Nov-2025 03:24:12 Europe/Berlin] Cart.php - Data: {"action":"add","product_id":46,"quantity":1}
[18-Nov-2025 03:24:12 Europe/Berlin] Cart.php - Add action: product_id=46, quantity=1
[18-Nov-2025 03:24:12 Europe/Berlin] Cart.php - Checking if product already in cart for user 0
[18-Nov-2025 03:24:12 Europe/Berlin] Cart.php - Adding new product to cart
[18-Nov-2025 03:24:12 Europe/Berlin] Cart.php - Add action successful
[18-Nov-2025 03:24:12 Europe/Berlin] Cart.php - Request received: POST
[18-Nov-2025 03:24:12 Europe/Berlin] Cart.php - Request body: {}
[18-Nov-2025 03:24:12 Europe/Berlin] JWT Auth - Token received: YES
[18-Nov-2025 03:24:12 Europe/Berlin] JWT Auth - Token validated successfully for user_id: 0
[18-Nov-2025 03:24:12 Europe/Berlin] Cart.php - Authenticated user_id: 0
[18-Nov-2025 03:24:12 Europe/Berlin] Cart.php - Action: list
[18-Nov-2025 03:24:12 Europe/Berlin] Cart.php - Data: []
[18-Nov-2025 03:24:14 Europe/Berlin] Cart.php - Request received: POST
[18-Nov-2025 03:24:14 Europe/Berlin] Cart.php - Request body: {"action":"add","product_id":44,"quantity":1}
[18-Nov-2025 03:24:14 Europe/Berlin] JWT Auth - Token received: YES
[18-Nov-2025 03:24:14 Europe/Berlin] JWT Auth - Token validated successfully for user_id: 0
[18-Nov-2025 03:24:14 Europe/Berlin] Cart.php - Authenticated user_id: 0
[18-Nov-2025 03:24:14 Europe/Berlin] Cart.php - Action: add
[18-Nov-2025 03:24:14 Europe/Berlin] Cart.php - Data: {"action":"add","product_id":44,"quantity":1}
[18-Nov-2025 03:24:14 Europe/Berlin] Cart.php - Add action: product_id=44, quantity=1
[18-Nov-2025 03:24:14 Europe/Berlin] Cart.php - Checking if product already in cart for user 0
[18-Nov-2025 03:24:14 Europe/Berlin] Cart.php - Adding new product to cart
[18-Nov-2025 03:24:14 Europe/Berlin] Cart.php - Add action successful
[18-Nov-2025 03:24:14 Europe/Berlin] Cart.php - Request received: POST
[18-Nov-2025 03:24:14 Europe/Berlin] Cart.php - Request body: {}
[18-Nov-2025 03:24:14 Europe/Berlin] JWT Auth - Token received: YES
[18-Nov-2025 03:24:14 Europe/Berlin] JWT Auth - Token validated successfully for user_id: 0
[18-Nov-2025 03:24:14 Europe/Berlin] Cart.php - Authenticated user_id: 0
[18-Nov-2025 03:24:14 Europe/Berlin] Cart.php - Action: list
[18-Nov-2025 03:24:14 Europe/Berlin] Cart.php - Data: []
[18-Nov-2025 03:24:17 Europe/Berlin] Cart.php - Request received: POST
[18-Nov-2025 03:24:17 Europe/Berlin] Cart.php - Request body: {}
[18-Nov-2025 03:24:17 Europe/Berlin] JWT Auth - Token received: YES
[18-Nov-2025 03:24:17 Europe/Berlin] JWT Auth - Token validated successfully for user_id: 0
[18-Nov-2025 03:24:17 Europe/Berlin] Cart.php - Authenticated user_id: 0
[18-Nov-2025 03:24:17 Europe/Berlin] Cart.php - Action: list
[18-Nov-2025 03:24:17 Europe/Berlin] Cart.php - Data: []
[18-Nov-2025 03:24:24 Europe/Berlin] Cart.php - Request received: POST
[18-Nov-2025 03:24:24 Europe/Berlin] Cart.php - Request body: {"action":"clear"}
[18-Nov-2025 03:24:24 Europe/Berlin] JWT Auth - Token received: YES
[18-Nov-2025 03:24:24 Europe/Berlin] JWT Auth - Token validated successfully for user_id: 0
[18-Nov-2025 03:24:24 Europe/Berlin] Cart.php - Authenticated user_id: 0
[18-Nov-2025 03:24:24 Europe/Berlin] Cart.php - Action: clear
[18-Nov-2025 03:24:24 Europe/Berlin] Cart.php - Data: {"action":"clear"}
[18-Nov-2025 03:24:56 Europe/Berlin] Cart.php - Request received: POST
[18-Nov-2025 03:24:56 Europe/Berlin] Cart.php - Request body: {"action":"add","product_id":39,"quantity":1}
[18-Nov-2025 03:24:56 Europe/Berlin] JWT Auth - Token received: YES
[18-Nov-2025 03:24:56 Europe/Berlin] JWT Auth - Token validated successfully for user_id: 0
[18-Nov-2025 03:24:56 Europe/Berlin] Cart.php - Authenticated user_id: 0
[18-Nov-2025 03:24:56 Europe/Berlin] Cart.php - Action: add
[18-Nov-2025 03:24:56 Europe/Berlin] Cart.php - Data: {"action":"add","product_id":39,"quantity":1}
[18-Nov-2025 03:24:56 Europe/Berlin] Cart.php - Add action: product_id=39, quantity=1
[18-Nov-2025 03:24:56 Europe/Berlin] Cart.php - Checking if product already in cart for user 0
[18-Nov-2025 03:24:56 Europe/Berlin] Cart.php - Adding new product to cart
[18-Nov-2025 03:24:56 Europe/Berlin] Cart.php - Add action successful
[18-Nov-2025 03:24:56 Europe/Berlin] Cart.php - Request received: POST
[18-Nov-2025 03:24:56 Europe/Berlin] Cart.php - Request body: {}
[18-Nov-2025 03:24:56 Europe/Berlin] JWT Auth - Token received: YES
[18-Nov-2025 03:24:56 Europe/Berlin] JWT Auth - Token validated successfully for user_id: 0
[18-Nov-2025 03:24:56 Europe/Berlin] Cart.php - Authenticated user_id: 0
[18-Nov-2025 03:24:56 Europe/Berlin] Cart.php - Action: list
[18-Nov-2025 03:24:56 Europe/Berlin] Cart.php - Data: []
[18-Nov-2025 03:24:59 Europe/Berlin] Cart.php - Request received: POST
[18-Nov-2025 03:24:59 Europe/Berlin] Cart.php - Request body: {}
[18-Nov-2025 03:24:59 Europe/Berlin] JWT Auth - Token received: YES
[18-Nov-2025 03:24:59 Europe/Berlin] JWT Auth - Token validated successfully for user_id: 0
[18-Nov-2025 03:24:59 Europe/Berlin] Cart.php - Authenticated user_id: 0
[18-Nov-2025 03:24:59 Europe/Berlin] Cart.php - Action: list
[18-Nov-2025 03:24:59 Europe/Berlin] Cart.php - Data: []
[18-Nov-2025 03:25:22 Europe/Berlin] Cart.php - Request received: POST
[18-Nov-2025 03:25:22 Europe/Berlin] Cart.php - Request body: {"action":"add","product_id":43,"quantity":1}
[18-Nov-2025 03:25:22 Europe/Berlin] JWT Auth - Token received: YES
[18-Nov-2025 03:25:22 Europe/Berlin] JWT Auth - Token validated successfully for user_id: 0
[18-Nov-2025 03:25:22 Europe/Berlin] Cart.php - Authenticated user_id: 0
[18-Nov-2025 03:25:22 Europe/Berlin] Cart.php - Action: add
[18-Nov-2025 03:25:22 Europe/Berlin] Cart.php - Data: {"action":"add","product_id":43,"quantity":1}
[18-Nov-2025 03:25:22 Europe/Berlin] Cart.php - Add action: product_id=43, quantity=1
[18-Nov-2025 03:25:22 Europe/Berlin] Cart.php - Checking if product already in cart for user 0
[18-Nov-2025 03:25:22 Europe/Berlin] Cart.php - Adding new product to cart
[18-Nov-2025 03:25:22 Europe/Berlin] Cart.php - Add action successful
[18-Nov-2025 03:25:22 Europe/Berlin] Cart.php - Request received: POST
[18-Nov-2025 03:25:22 Europe/Berlin] Cart.php - Request body: {}
[18-Nov-2025 03:25:22 Europe/Berlin] JWT Auth - Token received: YES
[18-Nov-2025 03:25:22 Europe/Berlin] JWT Auth - Token validated successfully for user_id: 0
[18-Nov-2025 03:25:22 Europe/Berlin] Cart.php - Authenticated user_id: 0
[18-Nov-2025 03:25:22 Europe/Berlin] Cart.php - Action: list
[18-Nov-2025 03:25:22 Europe/Berlin] Cart.php - Data: []
[18-Nov-2025 03:25:27 Europe/Berlin] Cart.php - Request received: POST
[18-Nov-2025 03:25:27 Europe/Berlin] Cart.php - Request body: {}
[18-Nov-2025 03:25:27 Europe/Berlin] JWT Auth - Token received: YES
[18-Nov-2025 03:25:27 Europe/Berlin] JWT Auth - Token validated successfully for user_id: 0
[18-Nov-2025 03:25:27 Europe/Berlin] Cart.php - Authenticated user_id: 0
[18-Nov-2025 03:25:27 Europe/Berlin] Cart.php - Action: list
[18-Nov-2025 03:25:27 Europe/Berlin] Cart.php - Data: []
[18-Nov-2025 03:25:32 Europe/Berlin] Cart.php - Request received: POST
[18-Nov-2025 03:25:32 Europe/Berlin] Cart.php - Request body: {"action":"clear"}
[18-Nov-2025 03:25:32 Europe/Berlin] JWT Auth - Token received: YES
[18-Nov-2025 03:25:32 Europe/Berlin] JWT Auth - Token validated successfully for user_id: 0
[18-Nov-2025 03:25:32 Europe/Berlin] Cart.php - Authenticated user_id: 0
[18-Nov-2025 03:25:32 Europe/Berlin] Cart.php - Action: clear
[18-Nov-2025 03:25:32 Europe/Berlin] Cart.php - Data: {"action":"clear"}
[18-Nov-2025 03:28:24 Europe/Berlin] Cart.php - Request received: POST
[18-Nov-2025 03:28:24 Europe/Berlin] Cart.php - Request body: {}
[18-Nov-2025 03:28:24 Europe/Berlin] JWT Auth - Token received: YES
[18-Nov-2025 03:28:24 Europe/Berlin] JWT Auth - Token validated successfully for user_id: 0
[18-Nov-2025 03:28:24 Europe/Berlin] Cart.php - Authenticated user_id: 0
[18-Nov-2025 03:28:24 Europe/Berlin] Cart.php - Action: list
[18-Nov-2025 03:28:24 Europe/Berlin] Cart.php - Data: []
[18-Nov-2025 03:28:30 Europe/Berlin] Cart.php - Request received: POST
[18-Nov-2025 03:28:30 Europe/Berlin] Cart.php - Request body: {"action":"add","product_id":45,"quantity":1}
[18-Nov-2025 03:28:30 Europe/Berlin] JWT Auth - Token received: YES
[18-Nov-2025 03:28:30 Europe/Berlin] JWT Auth - Token validated successfully for user_id: 0
[18-Nov-2025 03:28:30 Europe/Berlin] Cart.php - Authenticated user_id: 0
[18-Nov-2025 03:28:30 Europe/Berlin] Cart.php - Action: add
[18-Nov-2025 03:28:30 Europe/Berlin] Cart.php - Data: {"action":"add","product_id":45,"quantity":1}
[18-Nov-2025 03:28:30 Europe/Berlin] Cart.php - Add action: product_id=45, quantity=1
[18-Nov-2025 03:28:30 Europe/Berlin] Cart.php - Checking if product already in cart for user 0
[18-Nov-2025 03:28:30 Europe/Berlin] Cart.php - Adding new product to cart
[18-Nov-2025 03:28:30 Europe/Berlin] Cart.php - Add action successful
[18-Nov-2025 03:28:31 Europe/Berlin] Cart.php - Request received: POST
[18-Nov-2025 03:28:31 Europe/Berlin] Cart.php - Request body: {}
[18-Nov-2025 03:28:31 Europe/Berlin] JWT Auth - Token received: YES
[18-Nov-2025 03:28:31 Europe/Berlin] JWT Auth - Token validated successfully for user_id: 0
[18-Nov-2025 03:28:31 Europe/Berlin] Cart.php - Authenticated user_id: 0
[18-Nov-2025 03:28:31 Europe/Berlin] Cart.php - Action: list
[18-Nov-2025 03:28:31 Europe/Berlin] Cart.php - Data: []
[18-Nov-2025 03:28:34 Europe/Berlin] Cart.php - Request received: POST
[18-Nov-2025 03:28:34 Europe/Berlin] Cart.php - Request body: {}
[18-Nov-2025 03:28:34 Europe/Berlin] JWT Auth - Token received: YES
[18-Nov-2025 03:28:34 Europe/Berlin] JWT Auth - Token validated successfully for user_id: 0
[18-Nov-2025 03:28:34 Europe/Berlin] Cart.php - Authenticated user_id: 0
[18-Nov-2025 03:28:34 Europe/Berlin] Cart.php - Action: list
[18-Nov-2025 03:28:34 Europe/Berlin] Cart.php - Data: []
[18-Nov-2025 03:28:37 Europe/Berlin] Cart.php - Request received: POST
[18-Nov-2025 03:28:37 Europe/Berlin] Cart.php - Request body: {"action":"clear"}
[18-Nov-2025 03:28:37 Europe/Berlin] JWT Auth - Token received: YES
[18-Nov-2025 03:28:37 Europe/Berlin] JWT Auth - Token validated successfully for user_id: 0
[18-Nov-2025 03:28:37 Europe/Berlin] Cart.php - Authenticated user_id: 0
[18-Nov-2025 03:28:37 Europe/Berlin] Cart.php - Action: clear
[18-Nov-2025 03:28:37 Europe/Berlin] Cart.php - Data: {"action":"clear"}
[18-Nov-2025 03:34:26 Europe/Berlin] Cart.php - Request received: POST
[18-Nov-2025 03:34:26 Europe/Berlin] Cart.php - Request body: {"action":"add","product_id":44,"quantity":1}
[18-Nov-2025 03:34:26 Europe/Berlin] JWT Auth - Token received: YES
[18-Nov-2025 03:34:26 Europe/Berlin] JWT Auth - Token validated successfully for user_id: 0
[18-Nov-2025 03:34:26 Europe/Berlin] Cart.php - Authenticated user_id: 0
[18-Nov-2025 03:34:26 Europe/Berlin] Cart.php - Action: add
[18-Nov-2025 03:34:26 Europe/Berlin] Cart.php - Data: {"action":"add","product_id":44,"quantity":1}
[18-Nov-2025 03:34:26 Europe/Berlin] Cart.php - Add action: product_id=44, quantity=1
[18-Nov-2025 03:34:26 Europe/Berlin] Cart.php - Checking if product already in cart for user 0
[18-Nov-2025 03:34:26 Europe/Berlin] Cart.php - Adding new product to cart
[18-Nov-2025 03:34:26 Europe/Berlin] Cart.php - Add action successful
[18-Nov-2025 03:34:27 Europe/Berlin] Cart.php - Request received: POST
[18-Nov-2025 03:34:27 Europe/Berlin] Cart.php - Request body: {}
[18-Nov-2025 03:34:27 Europe/Berlin] JWT Auth - Token received: YES
[18-Nov-2025 03:34:27 Europe/Berlin] JWT Auth - Token validated successfully for user_id: 0
[18-Nov-2025 03:34:27 Europe/Berlin] Cart.php - Authenticated user_id: 0
[18-Nov-2025 03:34:27 Europe/Berlin] Cart.php - Action: list
[18-Nov-2025 03:34:27 Europe/Berlin] Cart.php - Data: []
[18-Nov-2025 03:34:30 Europe/Berlin] Cart.php - Request received: POST
[18-Nov-2025 03:34:30 Europe/Berlin] Cart.php - Request body: {"action":"add","product_id":38,"quantity":1}
[18-Nov-2025 03:34:30 Europe/Berlin] JWT Auth - Token received: YES
[18-Nov-2025 03:34:30 Europe/Berlin] JWT Auth - Token validated successfully for user_id: 0
[18-Nov-2025 03:34:30 Europe/Berlin] Cart.php - Authenticated user_id: 0
[18-Nov-2025 03:34:30 Europe/Berlin] Cart.php - Action: add
[18-Nov-2025 03:34:30 Europe/Berlin] Cart.php - Data: {"action":"add","product_id":38,"quantity":1}
[18-Nov-2025 03:34:30 Europe/Berlin] Cart.php - Add action: product_id=38, quantity=1
[18-Nov-2025 03:34:30 Europe/Berlin] Cart.php - Checking if product already in cart for user 0
[18-Nov-2025 03:34:30 Europe/Berlin] Cart.php - Adding new product to cart
[18-Nov-2025 03:34:30 Europe/Berlin] Cart.php - Add action successful
[18-Nov-2025 03:34:30 Europe/Berlin] Cart.php - Request received: POST
[18-Nov-2025 03:34:30 Europe/Berlin] Cart.php - Request body: {}
[18-Nov-2025 03:34:30 Europe/Berlin] JWT Auth - Token received: YES
[18-Nov-2025 03:34:30 Europe/Berlin] JWT Auth - Token validated successfully for user_id: 0
[18-Nov-2025 03:34:30 Europe/Berlin] Cart.php - Authenticated user_id: 0
[18-Nov-2025 03:34:30 Europe/Berlin] Cart.php - Action: list
[18-Nov-2025 03:34:30 Europe/Berlin] Cart.php - Data: []
[18-Nov-2025 03:34:34 Europe/Berlin] Cart.php - Request received: POST
[18-Nov-2025 03:34:34 Europe/Berlin] Cart.php - Request body: {}
[18-Nov-2025 03:34:34 Europe/Berlin] JWT Auth - Token received: YES
[18-Nov-2025 03:34:34 Europe/Berlin] JWT Auth - Token validated successfully for user_id: 0
[18-Nov-2025 03:34:34 Europe/Berlin] Cart.php - Authenticated user_id: 0
[18-Nov-2025 03:34:34 Europe/Berlin] Cart.php - Action: list
[18-Nov-2025 03:34:34 Europe/Berlin] Cart.php - Data: []
[18-Nov-2025 03:34:38 Europe/Berlin] Cart.php - Request received: POST
[18-Nov-2025 03:34:38 Europe/Berlin] Cart.php - Request body: {"action":"clear"}
[18-Nov-2025 03:34:38 Europe/Berlin] JWT Auth - Token received: YES
[18-Nov-2025 03:34:38 Europe/Berlin] JWT Auth - Token validated successfully for user_id: 0
[18-Nov-2025 03:34:38 Europe/Berlin] Cart.php - Authenticated user_id: 0
[18-Nov-2025 03:34:38 Europe/Berlin] Cart.php - Action: clear
[18-Nov-2025 03:34:38 Europe/Berlin] Cart.php - Data: {"action":"clear"}
[18-Nov-2025 03:34:45 Europe/Berlin] Cart.php - Request received: POST
[18-Nov-2025 03:34:45 Europe/Berlin] Cart.php - Request body: {}
[18-Nov-2025 03:34:45 Europe/Berlin] JWT Auth - Token received: YES
[18-Nov-2025 03:34:45 Europe/Berlin] JWT Auth - Token validated successfully for user_id: 0
[18-Nov-2025 03:34:45 Europe/Berlin] Cart.php - Authenticated user_id: 0
[18-Nov-2025 03:34:45 Europe/Berlin] Cart.php - Action: list
[18-Nov-2025 03:34:45 Europe/Berlin] Cart.php - Data: []
[18-Nov-2025 03:34:54 Europe/Berlin] Cart.php - Request received: POST
[18-Nov-2025 03:34:54 Europe/Berlin] Cart.php - Request body: {"action":"add","product_id":37,"quantity":1}
[18-Nov-2025 03:34:54 Europe/Berlin] JWT Auth - Token received: YES
[18-Nov-2025 03:34:54 Europe/Berlin] JWT Auth - Token validated successfully for user_id: 0
[18-Nov-2025 03:34:54 Europe/Berlin] Cart.php - Authenticated user_id: 0
[18-Nov-2025 03:34:54 Europe/Berlin] Cart.php - Action: add
[18-Nov-2025 03:34:54 Europe/Berlin] Cart.php - Data: {"action":"add","product_id":37,"quantity":1}
[18-Nov-2025 03:34:54 Europe/Berlin] Cart.php - Add action: product_id=37, quantity=1
[18-Nov-2025 03:34:54 Europe/Berlin] Cart.php - Checking if product already in cart for user 0
[18-Nov-2025 03:34:54 Europe/Berlin] Cart.php - Adding new product to cart
[18-Nov-2025 03:34:54 Europe/Berlin] Cart.php - Add action successful
[18-Nov-2025 03:34:54 Europe/Berlin] Cart.php - Request received: POST
[18-Nov-2025 03:34:54 Europe/Berlin] Cart.php - Request body: {}
[18-Nov-2025 03:34:54 Europe/Berlin] JWT Auth - Token received: YES
[18-Nov-2025 03:34:54 Europe/Berlin] JWT Auth - Token validated successfully for user_id: 0
[18-Nov-2025 03:34:54 Europe/Berlin] Cart.php - Authenticated user_id: 0
[18-Nov-2025 03:34:54 Europe/Berlin] Cart.php - Action: list
[18-Nov-2025 03:34:54 Europe/Berlin] Cart.php - Data: []
[18-Nov-2025 03:34:55 Europe/Berlin] Cart.php - Request received: POST
[18-Nov-2025 03:34:55 Europe/Berlin] Cart.php - Request body: {"action":"add","product_id":24,"quantity":1}
[18-Nov-2025 03:34:55 Europe/Berlin] JWT Auth - Token received: YES
[18-Nov-2025 03:34:55 Europe/Berlin] JWT Auth - Token validated successfully for user_id: 0
[18-Nov-2025 03:34:55 Europe/Berlin] Cart.php - Authenticated user_id: 0
[18-Nov-2025 03:34:55 Europe/Berlin] Cart.php - Action: add
[18-Nov-2025 03:34:55 Europe/Berlin] Cart.php - Data: {"action":"add","product_id":24,"quantity":1}
[18-Nov-2025 03:34:55 Europe/Berlin] Cart.php - Add action: product_id=24, quantity=1
[18-Nov-2025 03:34:55 Europe/Berlin] Cart.php - Checking if product already in cart for user 0
[18-Nov-2025 03:34:55 Europe/Berlin] Cart.php - Adding new product to cart
[18-Nov-2025 03:34:55 Europe/Berlin] Cart.php - Add action successful
[18-Nov-2025 03:34:55 Europe/Berlin] Cart.php - Request received: POST
[18-Nov-2025 03:34:55 Europe/Berlin] Cart.php - Request body: {}
[18-Nov-2025 03:34:55 Europe/Berlin] JWT Auth - Token received: YES
[18-Nov-2025 03:34:55 Europe/Berlin] JWT Auth - Token validated successfully for user_id: 0
[18-Nov-2025 03:34:55 Europe/Berlin] Cart.php - Authenticated user_id: 0
[18-Nov-2025 03:34:55 Europe/Berlin] Cart.php - Action: list
[18-Nov-2025 03:34:55 Europe/Berlin] Cart.php - Data: []
[18-Nov-2025 03:34:56 Europe/Berlin] Cart.php - Request received: POST
[18-Nov-2025 03:34:56 Europe/Berlin] Cart.php - Request body: {"action":"add","product_id":21,"quantity":1}
[18-Nov-2025 03:34:56 Europe/Berlin] JWT Auth - Token received: YES
[18-Nov-2025 03:34:56 Europe/Berlin] JWT Auth - Token validated successfully for user_id: 0
[18-Nov-2025 03:34:56 Europe/Berlin] Cart.php - Authenticated user_id: 0
[18-Nov-2025 03:34:56 Europe/Berlin] Cart.php - Action: add
[18-Nov-2025 03:34:56 Europe/Berlin] Cart.php - Data: {"action":"add","product_id":21,"quantity":1}
[18-Nov-2025 03:34:56 Europe/Berlin] Cart.php - Add action: product_id=21, quantity=1
[18-Nov-2025 03:34:56 Europe/Berlin] Cart.php - Checking if product already in cart for user 0
[18-Nov-2025 03:34:56 Europe/Berlin] Cart.php - Adding new product to cart
[18-Nov-2025 03:34:56 Europe/Berlin] Cart.php - Add action successful
[18-Nov-2025 03:34:56 Europe/Berlin] Cart.php - Request received: POST
[18-Nov-2025 03:34:56 Europe/Berlin] Cart.php - Request body: {}
[18-Nov-2025 03:34:56 Europe/Berlin] JWT Auth - Token received: YES
[18-Nov-2025 03:34:56 Europe/Berlin] JWT Auth - Token validated successfully for user_id: 0
[18-Nov-2025 03:34:56 Europe/Berlin] Cart.php - Authenticated user_id: 0
[18-Nov-2025 03:34:56 Europe/Berlin] Cart.php - Action: list
[18-Nov-2025 03:34:56 Europe/Berlin] Cart.php - Data: []
[18-Nov-2025 03:34:59 Europe/Berlin] Cart.php - Request received: POST
[18-Nov-2025 03:34:59 Europe/Berlin] Cart.php - Request body: {"action":"add","product_id":2,"quantity":1}
[18-Nov-2025 03:34:59 Europe/Berlin] JWT Auth - Token received: YES
[18-Nov-2025 03:34:59 Europe/Berlin] JWT Auth - Token validated successfully for user_id: 0
[18-Nov-2025 03:34:59 Europe/Berlin] Cart.php - Authenticated user_id: 0
[18-Nov-2025 03:34:59 Europe/Berlin] Cart.php - Action: add
[18-Nov-2025 03:34:59 Europe/Berlin] Cart.php - Data: {"action":"add","product_id":2,"quantity":1}
[18-Nov-2025 03:34:59 Europe/Berlin] Cart.php - Add action: product_id=2, quantity=1
[18-Nov-2025 03:34:59 Europe/Berlin] Cart.php - Checking if product already in cart for user 0
[18-Nov-2025 03:34:59 Europe/Berlin] Cart.php - Adding new product to cart
[18-Nov-2025 03:34:59 Europe/Berlin] Cart.php - Add action successful
[18-Nov-2025 03:34:59 Europe/Berlin] Cart.php - Request received: POST
[18-Nov-2025 03:34:59 Europe/Berlin] Cart.php - Request body: {}
[18-Nov-2025 03:34:59 Europe/Berlin] JWT Auth - Token received: YES
[18-Nov-2025 03:34:59 Europe/Berlin] JWT Auth - Token validated successfully for user_id: 0
[18-Nov-2025 03:34:59 Europe/Berlin] Cart.php - Authenticated user_id: 0
[18-Nov-2025 03:34:59 Europe/Berlin] Cart.php - Action: list
[18-Nov-2025 03:34:59 Europe/Berlin] Cart.php - Data: []
[18-Nov-2025 03:35:01 Europe/Berlin] Cart.php - Request received: POST
[18-Nov-2025 03:35:01 Europe/Berlin] Cart.php - Request body: {"action":"add","product_id":4,"quantity":1}
[18-Nov-2025 03:35:01 Europe/Berlin] JWT Auth - Token received: YES
[18-Nov-2025 03:35:01 Europe/Berlin] JWT Auth - Token validated successfully for user_id: 0
[18-Nov-2025 03:35:01 Europe/Berlin] Cart.php - Authenticated user_id: 0
[18-Nov-2025 03:35:01 Europe/Berlin] Cart.php - Action: add
[18-Nov-2025 03:35:01 Europe/Berlin] Cart.php - Data: {"action":"add","product_id":4,"quantity":1}
[18-Nov-2025 03:35:01 Europe/Berlin] Cart.php - Add action: product_id=4, quantity=1
[18-Nov-2025 03:35:01 Europe/Berlin] Cart.php - Checking if product already in cart for user 0
[18-Nov-2025 03:35:01 Europe/Berlin] Cart.php - Adding new product to cart
[18-Nov-2025 03:35:01 Europe/Berlin] Cart.php - Add action successful
[18-Nov-2025 03:35:01 Europe/Berlin] Cart.php - Request received: POST
[18-Nov-2025 03:35:01 Europe/Berlin] Cart.php - Request body: {}
[18-Nov-2025 03:35:01 Europe/Berlin] JWT Auth - Token received: YES
[18-Nov-2025 03:35:01 Europe/Berlin] JWT Auth - Token validated successfully for user_id: 0
[18-Nov-2025 03:35:01 Europe/Berlin] Cart.php - Authenticated user_id: 0
[18-Nov-2025 03:35:01 Europe/Berlin] Cart.php - Action: list
[18-Nov-2025 03:35:01 Europe/Berlin] Cart.php - Data: []
[18-Nov-2025 03:35:04 Europe/Berlin] Cart.php - Request received: POST
[18-Nov-2025 03:35:04 Europe/Berlin] Cart.php - Request body: {}
[18-Nov-2025 03:35:04 Europe/Berlin] JWT Auth - Token received: YES
[18-Nov-2025 03:35:04 Europe/Berlin] JWT Auth - Token validated successfully for user_id: 0
[18-Nov-2025 03:35:04 Europe/Berlin] Cart.php - Authenticated user_id: 0
[18-Nov-2025 03:35:04 Europe/Berlin] Cart.php - Action: list
[18-Nov-2025 03:35:04 Europe/Berlin] Cart.php - Data: []
[18-Nov-2025 03:35:08 Europe/Berlin] Cart.php - Request received: POST
[18-Nov-2025 03:35:08 Europe/Berlin] Cart.php - Request body: {"action":"clear"}
[18-Nov-2025 03:35:08 Europe/Berlin] JWT Auth - Token received: YES
[18-Nov-2025 03:35:08 Europe/Berlin] JWT Auth - Token validated successfully for user_id: 0
[18-Nov-2025 03:35:08 Europe/Berlin] Cart.php - Authenticated user_id: 0
[18-Nov-2025 03:35:08 Europe/Berlin] Cart.php - Action: clear
[18-Nov-2025 03:35:08 Europe/Berlin] Cart.php - Data: {"action":"clear"}
[18-Nov-2025 03:35:32 Europe/Berlin] Cart.php - Request received: POST
[18-Nov-2025 03:35:32 Europe/Berlin] Cart.php - Request body: {}
[18-Nov-2025 03:35:32 Europe/Berlin] JWT Auth - Token received: YES
[18-Nov-2025 03:35:32 Europe/Berlin] JWT Auth - Token validated successfully for user_id: 0
[18-Nov-2025 03:35:32 Europe/Berlin] Cart.php - Authenticated user_id: 0
[18-Nov-2025 03:35:32 Europe/Berlin] Cart.php - Action: list
[18-Nov-2025 03:35:32 Europe/Berlin] Cart.php - Data: []
[18-Nov-2025 03:47:30 Europe/Berlin] Cart.php - Request received: POST
[18-Nov-2025 03:47:30 Europe/Berlin] Cart.php - Request body: {}
[18-Nov-2025 03:47:30 Europe/Berlin] JWT Auth - Token received: YES
[18-Nov-2025 03:47:30 Europe/Berlin] JWT Auth - Token validated successfully for user_id: 0
[18-Nov-2025 03:47:30 Europe/Berlin] Cart.php - Authenticated user_id: 0
[18-Nov-2025 03:47:30 Europe/Berlin] Cart.php - Action: list
[18-Nov-2025 03:47:30 Europe/Berlin] Cart.php - Data: []
[18-Nov-2025 03:47:30 Europe/Berlin] Cart.php - Request received: POST
[18-Nov-2025 03:47:30 Europe/Berlin] Cart.php - Request body: {}
[18-Nov-2025 03:47:30 Europe/Berlin] JWT Auth - Token received: YES
[18-Nov-2025 03:47:30 Europe/Berlin] JWT Auth - Token validated successfully for user_id: 0
[18-Nov-2025 03:47:30 Europe/Berlin] Cart.php - Authenticated user_id: 0
[18-Nov-2025 03:47:30 Europe/Berlin] Cart.php - Action: list
[18-Nov-2025 03:47:30 Europe/Berlin] Cart.php - Data: []
[18-Nov-2025 03:48:36 Europe/Berlin] Cart.php - Request received: POST
[18-Nov-2025 03:48:36 Europe/Berlin] Cart.php - Request body: {}
[18-Nov-2025 03:48:36 Europe/Berlin] JWT Auth - Token received: YES
[18-Nov-2025 03:48:36 Europe/Berlin] JWT Auth - Token validated successfully for user_id: 0
[18-Nov-2025 03:48:36 Europe/Berlin] Cart.php - Authenticated user_id: 0
[18-Nov-2025 03:48:36 Europe/Berlin] Cart.php - Action: list
[18-Nov-2025 03:48:36 Europe/Berlin] Cart.php - Data: []
[18-Nov-2025 03:48:36 Europe/Berlin] Cart.php - Request received: POST
[18-Nov-2025 03:48:36 Europe/Berlin] Cart.php - Request body: {}
[18-Nov-2025 03:48:36 Europe/Berlin] JWT Auth - Token received: YES
[18-Nov-2025 03:48:36 Europe/Berlin] JWT Auth - Token validated successfully for user_id: 0
[18-Nov-2025 03:48:36 Europe/Berlin] Cart.php - Authenticated user_id: 0
[18-Nov-2025 03:48:36 Europe/Berlin] Cart.php - Action: list
[18-Nov-2025 03:48:36 Europe/Berlin] Cart.php - Data: []
[18-Nov-2025 04:02:34 Europe/Berlin] Cart.php - Request received: POST
[18-Nov-2025 04:02:34 Europe/Berlin] Cart.php - Request body: {}
[18-Nov-2025 04:02:34 Europe/Berlin] JWT Auth - Token received: YES
[18-Nov-2025 04:02:34 Europe/Berlin] JWT Auth - Token validated successfully for user_id: 0
[18-Nov-2025 04:02:34 Europe/Berlin] Cart.php - Authenticated user_id: 0
[18-Nov-2025 04:02:34 Europe/Berlin] Cart.php - Action: list
[18-Nov-2025 04:02:34 Europe/Berlin] Cart.php - Data: []
[18-Nov-2025 04:02:34 Europe/Berlin] Cart.php - Request received: POST
[18-Nov-2025 04:02:34 Europe/Berlin] Cart.php - Request body: {}
[18-Nov-2025 04:02:34 Europe/Berlin] JWT Auth - Token received: YES
[18-Nov-2025 04:02:34 Europe/Berlin] JWT Auth - Token validated successfully for user_id: 0
[18-Nov-2025 04:02:34 Europe/Berlin] Cart.php - Authenticated user_id: 0
[18-Nov-2025 04:02:34 Europe/Berlin] Cart.php - Action: list
[18-Nov-2025 04:02:34 Europe/Berlin] Cart.php - Data: []
[18-Nov-2025 04:24:22 Europe/Berlin] Cart.php - Request received: POST
[18-Nov-2025 04:24:22 Europe/Berlin] Cart.php - Request body: {}
[18-Nov-2025 04:24:22 Europe/Berlin] JWT Auth - Token received: YES
[18-Nov-2025 04:24:22 Europe/Berlin] JWT Auth - Token validated successfully for user_id: 0
[18-Nov-2025 04:24:22 Europe/Berlin] Cart.php - Authenticated user_id: 0
[18-Nov-2025 04:24:22 Europe/Berlin] Cart.php - Action: list
[18-Nov-2025 04:24:22 Europe/Berlin] Cart.php - Data: []
[18-Nov-2025 04:24:22 Europe/Berlin] Cart.php - Request received: POST
[18-Nov-2025 04:24:22 Europe/Berlin] Cart.php - Request body: {}
[18-Nov-2025 04:24:22 Europe/Berlin] JWT Auth - Token received: YES
[18-Nov-2025 04:24:22 Europe/Berlin] JWT Auth - Token validated successfully for user_id: 0
[18-Nov-2025 04:24:22 Europe/Berlin] Cart.php - Authenticated user_id: 0
[18-Nov-2025 04:24:22 Europe/Berlin] Cart.php - Action: list
[18-Nov-2025 04:24:22 Europe/Berlin] Cart.php - Data: []
[18-Nov-2025 04:29:57 Europe/Berlin] Cart.php - Request received: POST
[18-Nov-2025 04:29:57 Europe/Berlin] Cart.php - Request body: {}
[18-Nov-2025 04:29:57 Europe/Berlin] JWT Auth - Token received: YES
[18-Nov-2025 04:29:57 Europe/Berlin] JWT Auth - Token validated successfully for user_id: 0
[18-Nov-2025 04:29:57 Europe/Berlin] Cart.php - Authenticated user_id: 0
[18-Nov-2025 04:29:57 Europe/Berlin] Cart.php - Action: list
[18-Nov-2025 04:29:57 Europe/Berlin] Cart.php - Data: []
[18-Nov-2025 04:29:57 Europe/Berlin] Cart.php - Request received: POST
[18-Nov-2025 04:29:57 Europe/Berlin] Cart.php - Request body: {}
[18-Nov-2025 04:29:57 Europe/Berlin] JWT Auth - Token received: YES
[18-Nov-2025 04:29:57 Europe/Berlin] JWT Auth - Token validated successfully for user_id: 0
[18-Nov-2025 04:29:57 Europe/Berlin] Cart.php - Authenticated user_id: 0
[18-Nov-2025 04:29:57 Europe/Berlin] Cart.php - Action: list
[18-Nov-2025 04:29:57 Europe/Berlin] Cart.php - Data: []
[18-Nov-2025 04:38:15 Europe/Berlin] Cart.php - Request received: POST
[18-Nov-2025 04:38:15 Europe/Berlin] Cart.php - Request body: {}
[18-Nov-2025 04:38:15 Europe/Berlin] JWT Auth - Token received: YES
[18-Nov-2025 04:38:15 Europe/Berlin] JWT Auth - Token validated successfully for user_id: 0
[18-Nov-2025 04:38:15 Europe/Berlin] Cart.php - Authenticated user_id: 0
[18-Nov-2025 04:38:15 Europe/Berlin] Cart.php - Action: list
[18-Nov-2025 04:38:15 Europe/Berlin] Cart.php - Data: []
[18-Nov-2025 04:38:15 Europe/Berlin] Cart.php - Request received: POST
[18-Nov-2025 04:38:15 Europe/Berlin] Cart.php - Request body: {}
[18-Nov-2025 04:38:15 Europe/Berlin] JWT Auth - Token received: YES
[18-Nov-2025 04:38:15 Europe/Berlin] JWT Auth - Token validated successfully for user_id: 0
[18-Nov-2025 04:38:15 Europe/Berlin] Cart.php - Authenticated user_id: 0
[18-Nov-2025 04:38:15 Europe/Berlin] Cart.php - Action: list
[18-Nov-2025 04:38:15 Europe/Berlin] Cart.php - Data: []
[18-Nov-2025 04:39:33 Europe/Berlin] Cart.php - Request received: POST
[18-Nov-2025 04:39:33 Europe/Berlin] Cart.php - Request body: {}
[18-Nov-2025 04:39:33 Europe/Berlin] JWT Auth - Token received: YES
[18-Nov-2025 04:39:33 Europe/Berlin] JWT Auth - Token validated successfully for user_id: 0
[18-Nov-2025 04:39:33 Europe/Berlin] Cart.php - Authenticated user_id: 0
[18-Nov-2025 04:39:33 Europe/Berlin] Cart.php - Action: list
[18-Nov-2025 04:39:33 Europe/Berlin] Cart.php - Data: []
[18-Nov-2025 04:39:33 Europe/Berlin] Cart.php - Request received: POST
[18-Nov-2025 04:39:33 Europe/Berlin] Cart.php - Request body: {}
[18-Nov-2025 04:39:33 Europe/Berlin] JWT Auth - Token received: YES
[18-Nov-2025 04:39:33 Europe/Berlin] JWT Auth - Token validated successfully for user_id: 0
[18-Nov-2025 04:39:33 Europe/Berlin] Cart.php - Authenticated user_id: 0
[18-Nov-2025 04:39:33 Europe/Berlin] Cart.php - Action: list
[18-Nov-2025 04:39:33 Europe/Berlin] Cart.php - Data: []
[18-Nov-2025 04:45:14 Europe/Berlin] Cart.php - Request received: POST
[18-Nov-2025 04:45:14 Europe/Berlin] Cart.php - Request body: {}
[18-Nov-2025 04:45:14 Europe/Berlin] JWT Auth - Token received: YES
[18-Nov-2025 04:45:14 Europe/Berlin] JWT Auth - Token validated successfully for user_id: 0
[18-Nov-2025 04:45:14 Europe/Berlin] Cart.php - Authenticated user_id: 0
[18-Nov-2025 04:45:14 Europe/Berlin] Cart.php - Action: list
[18-Nov-2025 04:45:14 Europe/Berlin] Cart.php - Data: []
[18-Nov-2025 04:45:14 Europe/Berlin] Cart.php - Request received: POST
[18-Nov-2025 04:45:14 Europe/Berlin] Cart.php - Request body: {}
[18-Nov-2025 04:45:14 Europe/Berlin] JWT Auth - Token received: YES
[18-Nov-2025 04:45:14 Europe/Berlin] JWT Auth - Token validated successfully for user_id: 0
[18-Nov-2025 04:45:14 Europe/Berlin] Cart.php - Authenticated user_id: 0
[18-Nov-2025 04:45:14 Europe/Berlin] Cart.php - Action: list
[18-Nov-2025 04:45:14 Europe/Berlin] Cart.php - Data: []
[18-Nov-2025 04:46:27 Europe/Berlin] Cart.php - Request received: POST
[18-Nov-2025 04:46:27 Europe/Berlin] Cart.php - Request body: {}
[18-Nov-2025 04:46:27 Europe/Berlin] JWT Auth - Token received: YES
[18-Nov-2025 04:46:27 Europe/Berlin] JWT Auth - Token validated successfully for user_id: 0
[18-Nov-2025 04:46:27 Europe/Berlin] Cart.php - Authenticated user_id: 0
[18-Nov-2025 04:46:27 Europe/Berlin] Cart.php - Action: list
[18-Nov-2025 04:46:27 Europe/Berlin] Cart.php - Data: []
[18-Nov-2025 04:46:27 Europe/Berlin] Cart.php - Request received: POST
[18-Nov-2025 04:46:27 Europe/Berlin] Cart.php - Request body: {}
[18-Nov-2025 04:46:27 Europe/Berlin] JWT Auth - Token received: YES
[18-Nov-2025 04:46:27 Europe/Berlin] JWT Auth - Token validated successfully for user_id: 0
[18-Nov-2025 04:46:27 Europe/Berlin] Cart.php - Authenticated user_id: 0
[18-Nov-2025 04:46:27 Europe/Berlin] Cart.php - Action: list
[18-Nov-2025 04:46:27 Europe/Berlin] Cart.php - Data: []
[20-Nov-2025 01:58:07 Europe/Berlin] Cart.php - Request received: POST
[20-Nov-2025 01:58:07 Europe/Berlin] Cart.php - Request body: {}
[20-Nov-2025 01:58:07 Europe/Berlin] JWT Auth - Token received: YES
[20-Nov-2025 01:58:07 Europe/Berlin] JWT Auth - Token validated successfully for user_id: 0
[20-Nov-2025 01:58:07 Europe/Berlin] Cart.php - Authenticated user_id: 0
[20-Nov-2025 01:58:07 Europe/Berlin] Cart.php - Action: list
[20-Nov-2025 01:58:07 Europe/Berlin] Cart.php - Data: []
[20-Nov-2025 01:59:17 Europe/Berlin] Cart.php - Request received: POST
[20-Nov-2025 01:59:17 Europe/Berlin] Cart.php - Request body: {"action":"add","product_id":46,"quantity":1}
[20-Nov-2025 01:59:17 Europe/Berlin] JWT Auth - Token received: YES
[20-Nov-2025 01:59:17 Europe/Berlin] JWT Auth - Token validated successfully for user_id: 0
[20-Nov-2025 01:59:17 Europe/Berlin] Cart.php - Authenticated user_id: 0
[20-Nov-2025 01:59:17 Europe/Berlin] Cart.php - Action: add
[20-Nov-2025 01:59:17 Europe/Berlin] Cart.php - Data: {"action":"add","product_id":46,"quantity":1}
[20-Nov-2025 01:59:17 Europe/Berlin] Cart.php - Add action: product_id=46, quantity=1
[20-Nov-2025 01:59:17 Europe/Berlin] Cart.php - Checking if product already in cart for user 0
[20-Nov-2025 01:59:17 Europe/Berlin] Cart.php - Adding new product to cart
[20-Nov-2025 01:59:17 Europe/Berlin] Cart.php - Add action successful
[20-Nov-2025 01:59:17 Europe/Berlin] Cart.php - Request received: POST
[20-Nov-2025 01:59:17 Europe/Berlin] Cart.php - Request body: {}
[20-Nov-2025 01:59:17 Europe/Berlin] JWT Auth - Token received: YES
[20-Nov-2025 01:59:17 Europe/Berlin] JWT Auth - Token validated successfully for user_id: 0
[20-Nov-2025 01:59:17 Europe/Berlin] Cart.php - Authenticated user_id: 0
[20-Nov-2025 01:59:17 Europe/Berlin] Cart.php - Action: list
[20-Nov-2025 01:59:17 Europe/Berlin] Cart.php - Data: []
[22-Nov-2025 02:08:35 Europe/Berlin] Cart.php - Request received: POST
[22-Nov-2025 02:08:35 Europe/Berlin] Cart.php - Request body: {"action":"add","product_id":46,"quantity":1}
[22-Nov-2025 02:08:35 Europe/Berlin] JWT Auth - Token received: YES
[22-Nov-2025 02:08:35 Europe/Berlin] JWT Auth - Token validated successfully for user_id: 0
[22-Nov-2025 02:08:35 Europe/Berlin] Cart.php - Authenticated user_id: 0
[22-Nov-2025 02:08:35 Europe/Berlin] Cart.php - Action: add
[22-Nov-2025 02:08:35 Europe/Berlin] Cart.php - Data: {"action":"add","product_id":46,"quantity":1}
[22-Nov-2025 02:08:35 Europe/Berlin] Cart.php - Add action: product_id=46, quantity=1
[22-Nov-2025 02:08:35 Europe/Berlin] Cart.php - Checking if product already in cart for user 0
[22-Nov-2025 02:08:35 Europe/Berlin] Cart.php - Product already in cart, updating quantity
[22-Nov-2025 02:08:35 Europe/Berlin] Cart.php - Add action successful
[22-Nov-2025 02:08:35 Europe/Berlin] Cart.php - Request received: POST
[22-Nov-2025 02:08:35 Europe/Berlin] Cart.php - Request body: {}
[22-Nov-2025 02:08:35 Europe/Berlin] JWT Auth - Token received: YES
[22-Nov-2025 02:08:35 Europe/Berlin] JWT Auth - Token validated successfully for user_id: 0
[22-Nov-2025 02:08:35 Europe/Berlin] Cart.php - Authenticated user_id: 0
[22-Nov-2025 02:08:35 Europe/Berlin] Cart.php - Action: list
[22-Nov-2025 02:08:35 Europe/Berlin] Cart.php - Data: []
[22-Nov-2025 02:08:38 Europe/Berlin] Cart.php - Request received: POST
[22-Nov-2025 02:08:38 Europe/Berlin] Cart.php - Request body: {"action":"add","product_id":44,"quantity":1}
[22-Nov-2025 02:08:38 Europe/Berlin] JWT Auth - Token received: YES
[22-Nov-2025 02:08:38 Europe/Berlin] JWT Auth - Token validated successfully for user_id: 0
[22-Nov-2025 02:08:38 Europe/Berlin] Cart.php - Authenticated user_id: 0
[22-Nov-2025 02:08:38 Europe/Berlin] Cart.php - Action: add
[22-Nov-2025 02:08:38 Europe/Berlin] Cart.php - Data: {"action":"add","product_id":44,"quantity":1}
[22-Nov-2025 02:08:38 Europe/Berlin] Cart.php - Add action: product_id=44, quantity=1
[22-Nov-2025 02:08:38 Europe/Berlin] Cart.php - Checking if product already in cart for user 0
[22-Nov-2025 02:08:38 Europe/Berlin] Cart.php - Adding new product to cart
[22-Nov-2025 02:08:38 Europe/Berlin] Cart.php - Add action successful
[22-Nov-2025 02:08:38 Europe/Berlin] Cart.php - Request received: POST
[22-Nov-2025 02:08:38 Europe/Berlin] Cart.php - Request body: {}
[22-Nov-2025 02:08:38 Europe/Berlin] JWT Auth - Token received: YES
[22-Nov-2025 02:08:38 Europe/Berlin] JWT Auth - Token validated successfully for user_id: 0
[22-Nov-2025 02:08:38 Europe/Berlin] Cart.php - Authenticated user_id: 0
[22-Nov-2025 02:08:38 Europe/Berlin] Cart.php - Action: list
[22-Nov-2025 02:08:38 Europe/Berlin] Cart.php - Data: []
[22-Nov-2025 02:08:48 Europe/Berlin] Cart.php - Request received: POST
[22-Nov-2025 02:08:48 Europe/Berlin] Cart.php - Request body: {}
[22-Nov-2025 02:08:48 Europe/Berlin] JWT Auth - Token received: YES
[22-Nov-2025 02:08:48 Europe/Berlin] JWT Auth - Token validated successfully for user_id: 0
[22-Nov-2025 02:08:48 Europe/Berlin] Cart.php - Authenticated user_id: 0
[22-Nov-2025 02:08:48 Europe/Berlin] Cart.php - Action: list
[22-Nov-2025 02:08:48 Europe/Berlin] Cart.php - Data: []
[22-Nov-2025 02:08:53 Europe/Berlin] Cart.php - Request received: POST
[22-Nov-2025 02:08:53 Europe/Berlin] Cart.php - Request body: {"action":"clear"}
[22-Nov-2025 02:08:53 Europe/Berlin] JWT Auth - Token received: YES
[22-Nov-2025 02:08:53 Europe/Berlin] JWT Auth - Token validated successfully for user_id: 0
[22-Nov-2025 02:08:53 Europe/Berlin] Cart.php - Authenticated user_id: 0
[22-Nov-2025 02:08:53 Europe/Berlin] Cart.php - Action: clear
[22-Nov-2025 02:08:53 Europe/Berlin] Cart.php - Data: {"action":"clear"}
[22-Nov-2025 02:43:54 Europe/Berlin] Cart.php - Request received: POST
[22-Nov-2025 02:43:54 Europe/Berlin] Cart.php - Request body: {"action":"add","product_id":33,"quantity":1}
[22-Nov-2025 02:43:54 Europe/Berlin] JWT Auth - Token received: YES
[22-Nov-2025 02:43:54 Europe/Berlin] JWT Auth - Token validated successfully for user_id: 0
[22-Nov-2025 02:43:54 Europe/Berlin] Cart.php - Authenticated user_id: 0
[22-Nov-2025 02:43:54 Europe/Berlin] Cart.php - Action: add
[22-Nov-2025 02:43:54 Europe/Berlin] Cart.php - Data: {"action":"add","product_id":33,"quantity":1}
[22-Nov-2025 02:43:54 Europe/Berlin] Cart.php - Add action: product_id=33, quantity=1
[22-Nov-2025 02:43:54 Europe/Berlin] Cart.php - Checking if product already in cart for user 0
[22-Nov-2025 02:43:54 Europe/Berlin] Cart.php - Adding new product to cart
[22-Nov-2025 02:43:54 Europe/Berlin] Cart.php - Add action successful
[22-Nov-2025 02:43:54 Europe/Berlin] Cart.php - Request received: POST
[22-Nov-2025 02:43:54 Europe/Berlin] Cart.php - Request body: {}
[22-Nov-2025 02:43:54 Europe/Berlin] JWT Auth - Token received: YES
[22-Nov-2025 02:43:54 Europe/Berlin] JWT Auth - Token validated successfully for user_id: 0
[22-Nov-2025 02:43:54 Europe/Berlin] Cart.php - Authenticated user_id: 0
[22-Nov-2025 02:43:54 Europe/Berlin] Cart.php - Action: list
[22-Nov-2025 02:43:54 Europe/Berlin] Cart.php - Data: []
[22-Nov-2025 02:43:56 Europe/Berlin] Cart.php - Request received: POST
[22-Nov-2025 02:43:56 Europe/Berlin] Cart.php - Request body: {"action":"add","product_id":34,"quantity":1}
[22-Nov-2025 02:43:56 Europe/Berlin] JWT Auth - Token received: YES
[22-Nov-2025 02:43:56 Europe/Berlin] JWT Auth - Token validated successfully for user_id: 0
[22-Nov-2025 02:43:56 Europe/Berlin] Cart.php - Authenticated user_id: 0
[22-Nov-2025 02:43:56 Europe/Berlin] Cart.php - Action: add
[22-Nov-2025 02:43:56 Europe/Berlin] Cart.php - Data: {"action":"add","product_id":34,"quantity":1}
[22-Nov-2025 02:43:56 Europe/Berlin] Cart.php - Add action: product_id=34, quantity=1
[22-Nov-2025 02:43:56 Europe/Berlin] Cart.php - Checking if product already in cart for user 0
[22-Nov-2025 02:43:56 Europe/Berlin] Cart.php - Adding new product to cart
[22-Nov-2025 02:43:56 Europe/Berlin] Cart.php - Add action successful
[22-Nov-2025 02:43:56 Europe/Berlin] Cart.php - Request received: POST
[22-Nov-2025 02:43:56 Europe/Berlin] Cart.php - Request body: {}
[22-Nov-2025 02:43:56 Europe/Berlin] JWT Auth - Token received: YES
[22-Nov-2025 02:43:56 Europe/Berlin] JWT Auth - Token validated successfully for user_id: 0
[22-Nov-2025 02:43:56 Europe/Berlin] Cart.php - Authenticated user_id: 0
[22-Nov-2025 02:43:56 Europe/Berlin] Cart.php - Action: list
[22-Nov-2025 02:43:56 Europe/Berlin] Cart.php - Data: []
[22-Nov-2025 02:43:58 Europe/Berlin] Cart.php - Request received: POST
[22-Nov-2025 02:43:58 Europe/Berlin] Cart.php - Request body: {"action":"add","product_id":32,"quantity":1}
[22-Nov-2025 02:43:58 Europe/Berlin] JWT Auth - Token received: YES
[22-Nov-2025 02:43:58 Europe/Berlin] JWT Auth - Token validated successfully for user_id: 0
[22-Nov-2025 02:43:58 Europe/Berlin] Cart.php - Authenticated user_id: 0
[22-Nov-2025 02:43:58 Europe/Berlin] Cart.php - Action: add
[22-Nov-2025 02:43:58 Europe/Berlin] Cart.php - Data: {"action":"add","product_id":32,"quantity":1}
[22-Nov-2025 02:43:58 Europe/Berlin] Cart.php - Add action: product_id=32, quantity=1
[22-Nov-2025 02:43:58 Europe/Berlin] Cart.php - Checking if product already in cart for user 0
[22-Nov-2025 02:43:58 Europe/Berlin] Cart.php - Adding new product to cart
[22-Nov-2025 02:43:58 Europe/Berlin] Cart.php - Add action successful
[22-Nov-2025 02:43:58 Europe/Berlin] Cart.php - Request received: POST
[22-Nov-2025 02:43:58 Europe/Berlin] Cart.php - Request body: {}
[22-Nov-2025 02:43:58 Europe/Berlin] JWT Auth - Token received: YES
[22-Nov-2025 02:43:58 Europe/Berlin] JWT Auth - Token validated successfully for user_id: 0
[22-Nov-2025 02:43:58 Europe/Berlin] Cart.php - Authenticated user_id: 0
[22-Nov-2025 02:43:58 Europe/Berlin] Cart.php - Action: list
[22-Nov-2025 02:43:58 Europe/Berlin] Cart.php - Data: []
[22-Nov-2025 02:44:08 Europe/Berlin] Cart.php - Request received: POST
[22-Nov-2025 02:44:08 Europe/Berlin] Cart.php - Request body: {}
[22-Nov-2025 02:44:08 Europe/Berlin] JWT Auth - Token received: YES
[22-Nov-2025 02:44:08 Europe/Berlin] JWT Auth - Token validated successfully for user_id: 0
[22-Nov-2025 02:44:08 Europe/Berlin] Cart.php - Authenticated user_id: 0
[22-Nov-2025 02:44:08 Europe/Berlin] Cart.php - Action: list
[22-Nov-2025 02:44:08 Europe/Berlin] Cart.php - Data: []
[22-Nov-2025 02:44:14 Europe/Berlin] Cart.php - Request received: POST
[22-Nov-2025 02:44:14 Europe/Berlin] Cart.php - Request body: {"action":"clear"}
[22-Nov-2025 02:44:14 Europe/Berlin] JWT Auth - Token received: YES
[22-Nov-2025 02:44:14 Europe/Berlin] JWT Auth - Token validated successfully for user_id: 0
[22-Nov-2025 02:44:14 Europe/Berlin] Cart.php - Authenticated user_id: 0
[22-Nov-2025 02:44:14 Europe/Berlin] Cart.php - Action: clear
[22-Nov-2025 02:44:14 Europe/Berlin] Cart.php - Data: {"action":"clear"}
[22-Nov-2025 02:48:42 Europe/Berlin] Cart.php - Request received: POST
[22-Nov-2025 02:48:42 Europe/Berlin] Cart.php - Request body: {}
[22-Nov-2025 02:48:42 Europe/Berlin] JWT Auth - Token received: YES
[22-Nov-2025 02:48:42 Europe/Berlin] JWT Auth - Token validated successfully for user_id: 0
[22-Nov-2025 02:48:42 Europe/Berlin] Cart.php - Authenticated user_id: 0
[22-Nov-2025 02:48:42 Europe/Berlin] Cart.php - Action: list
[22-Nov-2025 02:48:42 Europe/Berlin] Cart.php - Data: []
[22-Nov-2025 02:49:17 Europe/Berlin] Cart.php - Request received: POST
[22-Nov-2025 02:49:17 Europe/Berlin] Cart.php - Request body: {}
[22-Nov-2025 02:49:17 Europe/Berlin] JWT Auth - Token received: YES
[22-Nov-2025 02:49:17 Europe/Berlin] JWT Auth - Token validated successfully for user_id: 0
[22-Nov-2025 02:49:17 Europe/Berlin] Cart.php - Authenticated user_id: 0
[22-Nov-2025 02:49:17 Europe/Berlin] Cart.php - Action: list
[22-Nov-2025 02:49:17 Europe/Berlin] Cart.php - Data: []
[22-Nov-2025 02:52:26 Europe/Berlin] Cart.php - Request received: POST
[22-Nov-2025 02:52:26 Europe/Berlin] Cart.php - Request body: {}
[22-Nov-2025 02:52:26 Europe/Berlin] JWT Auth - Token received: YES
[22-Nov-2025 02:52:26 Europe/Berlin] JWT Auth - Token validated successfully for user_id: 0
[22-Nov-2025 02:52:26 Europe/Berlin] Cart.php - Authenticated user_id: 0
[22-Nov-2025 02:52:26 Europe/Berlin] Cart.php - Action: list
[22-Nov-2025 02:52:26 Europe/Berlin] Cart.php - Data: []
[27-Nov-2025 02:33:17 Europe/Berlin] Cart.php - Request received: POST
[27-Nov-2025 02:33:17 Europe/Berlin] Cart.php - Request body: {"action":"add","product_id":37,"quantity":1}
[27-Nov-2025 02:33:17 Europe/Berlin] JWT Auth - Token received: YES
[27-Nov-2025 02:33:17 Europe/Berlin] JWT Auth - Token validated successfully for user_id: 0
[27-Nov-2025 02:33:17 Europe/Berlin] Cart.php - Authenticated user_id: 0
[27-Nov-2025 02:33:17 Europe/Berlin] Cart.php - Action: add
[27-Nov-2025 02:33:17 Europe/Berlin] Cart.php - Data: {"action":"add","product_id":37,"quantity":1}
[27-Nov-2025 02:33:17 Europe/Berlin] Cart.php - Add action: product_id=37, quantity=1
[27-Nov-2025 02:33:17 Europe/Berlin] Cart.php - Checking if product already in cart for user 0
[27-Nov-2025 02:33:17 Europe/Berlin] Cart.php - Adding new product to cart
[27-Nov-2025 02:33:17 Europe/Berlin] Cart.php - Add action successful
[27-Nov-2025 02:33:18 Europe/Berlin] Cart.php - Request received: POST
[27-Nov-2025 02:33:18 Europe/Berlin] Cart.php - Request body: {}
[27-Nov-2025 02:33:18 Europe/Berlin] JWT Auth - Token received: YES
[27-Nov-2025 02:33:18 Europe/Berlin] JWT Auth - Token validated successfully for user_id: 0
[27-Nov-2025 02:33:18 Europe/Berlin] Cart.php - Authenticated user_id: 0
[27-Nov-2025 02:33:18 Europe/Berlin] Cart.php - Action: list
[27-Nov-2025 02:33:18 Europe/Berlin] Cart.php - Data: []
[27-Nov-2025 02:33:26 Europe/Berlin] Cart.php - Request received: POST
[27-Nov-2025 02:33:26 Europe/Berlin] Cart.php - Request body: {}
[27-Nov-2025 02:33:26 Europe/Berlin] JWT Auth - Token received: YES
[27-Nov-2025 02:33:26 Europe/Berlin] JWT Auth - Token validated successfully for user_id: 0
[27-Nov-2025 02:33:26 Europe/Berlin] Cart.php - Authenticated user_id: 0
[27-Nov-2025 02:33:26 Europe/Berlin] Cart.php - Action: list
[27-Nov-2025 02:33:26 Europe/Berlin] Cart.php - Data: []
[27-Nov-2025 02:33:33 Europe/Berlin] Cart.php - Request received: POST
[27-Nov-2025 02:33:33 Europe/Berlin] Cart.php - Request body: {"action":"remove","product_id":37}
[27-Nov-2025 02:33:33 Europe/Berlin] JWT Auth - Token received: YES
[27-Nov-2025 02:33:33 Europe/Berlin] JWT Auth - Token validated successfully for user_id: 0
[27-Nov-2025 02:33:33 Europe/Berlin] Cart.php - Authenticated user_id: 0
[27-Nov-2025 02:33:33 Europe/Berlin] Cart.php - Action: remove
[27-Nov-2025 02:33:33 Europe/Berlin] Cart.php - Data: {"action":"remove","product_id":37}
[27-Nov-2025 02:33:34 Europe/Berlin] Cart.php - Request received: POST
[27-Nov-2025 02:33:34 Europe/Berlin] Cart.php - Request body: {}
[27-Nov-2025 02:33:34 Europe/Berlin] JWT Auth - Token received: YES
[27-Nov-2025 02:33:34 Europe/Berlin] JWT Auth - Token validated successfully for user_id: 0
[27-Nov-2025 02:33:34 Europe/Berlin] Cart.php - Authenticated user_id: 0
[27-Nov-2025 02:33:34 Europe/Berlin] Cart.php - Action: list
[27-Nov-2025 02:33:34 Europe/Berlin] Cart.php - Data: []
[27-Nov-2025 04:46:19 Europe/Berlin] Cart.php - Request received: POST
[27-Nov-2025 04:46:19 Europe/Berlin] Cart.php - Request body: {}
[27-Nov-2025 04:46:19 Europe/Berlin] JWT Auth - Token received: YES
[27-Nov-2025 04:46:19 Europe/Berlin] JWT Auth - Token validated successfully for user_id: 2
[27-Nov-2025 04:46:19 Europe/Berlin] Cart.php - Authenticated user_id: 2
[27-Nov-2025 04:46:19 Europe/Berlin] Cart.php - Action: list
[27-Nov-2025 04:46:19 Europe/Berlin] Cart.php - Data: []
[27-Nov-2025 04:46:53 Europe/Berlin] Cart.php - Request received: POST
[27-Nov-2025 04:46:53 Europe/Berlin] Cart.php - Request body: {"action":"add","product_id":46,"quantity":1}
[27-Nov-2025 04:46:53 Europe/Berlin] JWT Auth - Token received: YES
[27-Nov-2025 04:46:53 Europe/Berlin] JWT Auth - Token validated successfully for user_id: 2
[27-Nov-2025 04:46:53 Europe/Berlin] Cart.php - Authenticated user_id: 2
[27-Nov-2025 04:46:53 Europe/Berlin] Cart.php - Action: add
[27-Nov-2025 04:46:53 Europe/Berlin] Cart.php - Data: {"action":"add","product_id":46,"quantity":1}
[27-Nov-2025 04:46:53 Europe/Berlin] Cart.php - Add action: product_id=46, quantity=1
[27-Nov-2025 04:46:53 Europe/Berlin] Cart.php - Checking if product already in cart for user 2
[27-Nov-2025 04:46:53 Europe/Berlin] Cart.php - Adding new product to cart
[27-Nov-2025 04:46:53 Europe/Berlin] Cart.php - Add action successful
[27-Nov-2025 04:46:53 Europe/Berlin] Cart.php - Request received: POST
[27-Nov-2025 04:46:53 Europe/Berlin] Cart.php - Request body: {}
[27-Nov-2025 04:46:53 Europe/Berlin] JWT Auth - Token received: YES
[27-Nov-2025 04:46:53 Europe/Berlin] JWT Auth - Token validated successfully for user_id: 2
[27-Nov-2025 04:46:53 Europe/Berlin] Cart.php - Authenticated user_id: 2
[27-Nov-2025 04:46:53 Europe/Berlin] Cart.php - Action: list
[27-Nov-2025 04:46:53 Europe/Berlin] Cart.php - Data: []
[27-Nov-2025 04:46:58 Europe/Berlin] Cart.php - Request received: POST
[27-Nov-2025 04:46:58 Europe/Berlin] Cart.php - Request body: {"action":"add","product_id":45,"quantity":1}
[27-Nov-2025 04:46:58 Europe/Berlin] JWT Auth - Token received: YES
[27-Nov-2025 04:46:58 Europe/Berlin] JWT Auth - Token validated successfully for user_id: 2
[27-Nov-2025 04:46:58 Europe/Berlin] Cart.php - Authenticated user_id: 2
[27-Nov-2025 04:46:58 Europe/Berlin] Cart.php - Action: add
[27-Nov-2025 04:46:58 Europe/Berlin] Cart.php - Data: {"action":"add","product_id":45,"quantity":1}
[27-Nov-2025 04:46:58 Europe/Berlin] Cart.php - Add action: product_id=45, quantity=1
[27-Nov-2025 04:46:58 Europe/Berlin] Cart.php - Checking if product already in cart for user 2
[27-Nov-2025 04:46:58 Europe/Berlin] Cart.php - Adding new product to cart
[27-Nov-2025 04:46:58 Europe/Berlin] Cart.php - Add action successful
[27-Nov-2025 04:46:58 Europe/Berlin] Cart.php - Request received: POST
[27-Nov-2025 04:46:58 Europe/Berlin] Cart.php - Request body: {}
[27-Nov-2025 04:46:58 Europe/Berlin] JWT Auth - Token received: YES
[27-Nov-2025 04:46:58 Europe/Berlin] JWT Auth - Token validated successfully for user_id: 2
[27-Nov-2025 04:46:58 Europe/Berlin] Cart.php - Authenticated user_id: 2
[27-Nov-2025 04:46:58 Europe/Berlin] Cart.php - Action: list
[27-Nov-2025 04:46:58 Europe/Berlin] Cart.php - Data: []
[27-Nov-2025 04:47:01 Europe/Berlin] Cart.php - Request received: POST
[27-Nov-2025 04:47:01 Europe/Berlin] Cart.php - Request body: {"action":"add","product_id":44,"quantity":1}
[27-Nov-2025 04:47:01 Europe/Berlin] JWT Auth - Token received: YES
[27-Nov-2025 04:47:01 Europe/Berlin] JWT Auth - Token validated successfully for user_id: 2
[27-Nov-2025 04:47:01 Europe/Berlin] Cart.php - Authenticated user_id: 2
[27-Nov-2025 04:47:01 Europe/Berlin] Cart.php - Action: add
[27-Nov-2025 04:47:01 Europe/Berlin] Cart.php - Data: {"action":"add","product_id":44,"quantity":1}
[27-Nov-2025 04:47:01 Europe/Berlin] Cart.php - Add action: product_id=44, quantity=1
[27-Nov-2025 04:47:01 Europe/Berlin] Cart.php - Checking if product already in cart for user 2
[27-Nov-2025 04:47:01 Europe/Berlin] Cart.php - Adding new product to cart
[27-Nov-2025 04:47:01 Europe/Berlin] Cart.php - Add action successful
[27-Nov-2025 04:47:01 Europe/Berlin] Cart.php - Request received: POST
[27-Nov-2025 04:47:01 Europe/Berlin] Cart.php - Request body: {}
[27-Nov-2025 04:47:01 Europe/Berlin] JWT Auth - Token received: YES
[27-Nov-2025 04:47:01 Europe/Berlin] JWT Auth - Token validated successfully for user_id: 2
[27-Nov-2025 04:47:01 Europe/Berlin] Cart.php - Authenticated user_id: 2
[27-Nov-2025 04:47:01 Europe/Berlin] Cart.php - Action: list
[27-Nov-2025 04:47:01 Europe/Berlin] Cart.php - Data: []
[27-Nov-2025 04:47:04 Europe/Berlin] Cart.php - Request received: POST
[27-Nov-2025 04:47:04 Europe/Berlin] Cart.php - Request body: {}
[27-Nov-2025 04:47:04 Europe/Berlin] JWT Auth - Token received: YES
[27-Nov-2025 04:47:04 Europe/Berlin] JWT Auth - Token validated successfully for user_id: 2
[27-Nov-2025 04:47:04 Europe/Berlin] Cart.php - Authenticated user_id: 2
[27-Nov-2025 04:47:04 Europe/Berlin] Cart.php - Action: list
[27-Nov-2025 04:47:04 Europe/Berlin] Cart.php - Data: []
[27-Nov-2025 04:47:25 Europe/Berlin] Cart.php - Request received: POST
[27-Nov-2025 04:47:25 Europe/Berlin] Cart.php - Request body: {"action":"clear"}
[27-Nov-2025 04:47:25 Europe/Berlin] JWT Auth - Token received: YES
[27-Nov-2025 04:47:25 Europe/Berlin] JWT Auth - Token validated successfully for user_id: 2
[27-Nov-2025 04:47:25 Europe/Berlin] Cart.php - Authenticated user_id: 2
[27-Nov-2025 04:47:25 Europe/Berlin] Cart.php - Action: clear
[27-Nov-2025 04:47:25 Europe/Berlin] Cart.php - Data: {"action":"clear"}
[27-Nov-2025 04:48:33 Europe/Berlin] Cart.php - Request received: POST
[27-Nov-2025 04:48:33 Europe/Berlin] Cart.php - Request body: {"action":"add","product_id":37,"quantity":1}
[27-Nov-2025 04:48:33 Europe/Berlin] JWT Auth - Token received: YES
[27-Nov-2025 04:48:33 Europe/Berlin] JWT Auth - Token validated successfully for user_id: 2
[27-Nov-2025 04:48:33 Europe/Berlin] Cart.php - Authenticated user_id: 2
[27-Nov-2025 04:48:33 Europe/Berlin] Cart.php - Action: add
[27-Nov-2025 04:48:33 Europe/Berlin] Cart.php - Data: {"action":"add","product_id":37,"quantity":1}
[27-Nov-2025 04:48:33 Europe/Berlin] Cart.php - Add action: product_id=37, quantity=1
[27-Nov-2025 04:48:33 Europe/Berlin] Cart.php - Checking if product already in cart for user 2
[27-Nov-2025 04:48:33 Europe/Berlin] Cart.php - Adding new product to cart
[27-Nov-2025 04:48:33 Europe/Berlin] Cart.php - Add action successful
[27-Nov-2025 04:48:33 Europe/Berlin] Cart.php - Request received: POST
[27-Nov-2025 04:48:33 Europe/Berlin] Cart.php - Request body: {}
[27-Nov-2025 04:48:33 Europe/Berlin] JWT Auth - Token received: YES
[27-Nov-2025 04:48:33 Europe/Berlin] JWT Auth - Token validated successfully for user_id: 2
[27-Nov-2025 04:48:33 Europe/Berlin] Cart.php - Authenticated user_id: 2
[27-Nov-2025 04:48:33 Europe/Berlin] Cart.php - Action: list
[27-Nov-2025 04:48:33 Europe/Berlin] Cart.php - Data: []
[27-Nov-2025 04:48:39 Europe/Berlin] Cart.php - Request received: POST
[27-Nov-2025 04:48:39 Europe/Berlin] Cart.php - Request body: {"action":"add","product_id":24,"quantity":1}
[27-Nov-2025 04:48:39 Europe/Berlin] JWT Auth - Token received: YES
[27-Nov-2025 04:48:39 Europe/Berlin] JWT Auth - Token validated successfully for user_id: 2
[27-Nov-2025 04:48:39 Europe/Berlin] Cart.php - Authenticated user_id: 2
[27-Nov-2025 04:48:39 Europe/Berlin] Cart.php - Action: add
[27-Nov-2025 04:48:39 Europe/Berlin] Cart.php - Data: {"action":"add","product_id":24,"quantity":1}
[27-Nov-2025 04:48:39 Europe/Berlin] Cart.php - Add action: product_id=24, quantity=1
[27-Nov-2025 04:48:39 Europe/Berlin] Cart.php - Checking if product already in cart for user 2
[27-Nov-2025 04:48:39 Europe/Berlin] Cart.php - Adding new product to cart
[27-Nov-2025 04:48:39 Europe/Berlin] Cart.php - Add action successful
[27-Nov-2025 04:48:39 Europe/Berlin] Cart.php - Request received: POST
[27-Nov-2025 04:48:39 Europe/Berlin] Cart.php - Request body: {}
[27-Nov-2025 04:48:39 Europe/Berlin] JWT Auth - Token received: YES
[27-Nov-2025 04:48:39 Europe/Berlin] JWT Auth - Token validated successfully for user_id: 2
[27-Nov-2025 04:48:39 Europe/Berlin] Cart.php - Authenticated user_id: 2
[27-Nov-2025 04:48:39 Europe/Berlin] Cart.php - Action: list
[27-Nov-2025 04:48:39 Europe/Berlin] Cart.php - Data: []
[27-Nov-2025 04:48:42 Europe/Berlin] Cart.php - Request received: POST
[27-Nov-2025 04:48:42 Europe/Berlin] Cart.php - Request body: {}
[27-Nov-2025 04:48:42 Europe/Berlin] JWT Auth - Token received: YES
[27-Nov-2025 04:48:42 Europe/Berlin] JWT Auth - Token validated successfully for user_id: 2
[27-Nov-2025 04:48:42 Europe/Berlin] Cart.php - Authenticated user_id: 2
[27-Nov-2025 04:48:42 Europe/Berlin] Cart.php - Action: list
[27-Nov-2025 04:48:42 Europe/Berlin] Cart.php - Data: []
[27-Nov-2025 04:48:57 Europe/Berlin] Cart.php - Request received: POST
[27-Nov-2025 04:48:57 Europe/Berlin] Cart.php - Request body: {"action":"clear"}
[27-Nov-2025 04:48:57 Europe/Berlin] JWT Auth - Token received: YES
[27-Nov-2025 04:48:57 Europe/Berlin] JWT Auth - Token validated successfully for user_id: 2
[27-Nov-2025 04:48:57 Europe/Berlin] Cart.php - Authenticated user_id: 2
[27-Nov-2025 04:48:57 Europe/Berlin] Cart.php - Action: clear
[27-Nov-2025 04:48:57 Europe/Berlin] Cart.php - Data: {"action":"clear"}
[27-Nov-2025 18:29:47 Europe/Berlin] Cart.php - Request received: POST
[27-Nov-2025 18:29:47 Europe/Berlin] Cart.php - Request body: {}
[27-Nov-2025 18:29:47 Europe/Berlin] JWT Auth - Token received: YES
[27-Nov-2025 18:29:47 Europe/Berlin] JWT Auth - Token validated successfully for user_id: 1
[27-Nov-2025 18:29:47 Europe/Berlin] Cart.php - Authenticated user_id: 1
[27-Nov-2025 18:29:47 Europe/Berlin] Cart.php - Action: list
[27-Nov-2025 18:29:47 Europe/Berlin] Cart.php - Data: []
[27-Nov-2025 18:30:08 Europe/Berlin] Cart.php - Request received: POST
[27-Nov-2025 18:30:08 Europe/Berlin] Cart.php - Request body: {}
[27-Nov-2025 18:30:08 Europe/Berlin] JWT Auth - Token received: YES
[27-Nov-2025 18:30:08 Europe/Berlin] JWT Auth - Token validated successfully for user_id: 2
[27-Nov-2025 18:30:08 Europe/Berlin] Cart.php - Authenticated user_id: 2
[27-Nov-2025 18:30:08 Europe/Berlin] Cart.php - Action: list
[27-Nov-2025 18:30:08 Europe/Berlin] Cart.php - Data: []
[27-Nov-2025 19:20:03 Europe/Berlin] Cart.php - Request received: POST
[27-Nov-2025 19:20:03 Europe/Berlin] Cart.php - Request body: {"action":"add","product_id":28,"quantity":1}
[27-Nov-2025 19:20:03 Europe/Berlin] JWT Auth - Token received: YES
[27-Nov-2025 19:20:03 Europe/Berlin] JWT Auth - Token validated successfully for user_id: 1
[27-Nov-2025 19:20:03 Europe/Berlin] Cart.php - Authenticated user_id: 1
[27-Nov-2025 19:20:03 Europe/Berlin] Cart.php - Action: add
[27-Nov-2025 19:20:03 Europe/Berlin] Cart.php - Data: {"action":"add","product_id":28,"quantity":1}
[27-Nov-2025 19:20:03 Europe/Berlin] Cart.php - Add action: product_id=28, quantity=1
[27-Nov-2025 19:20:03 Europe/Berlin] Cart.php - Checking if product already in cart for user 1
[27-Nov-2025 19:20:03 Europe/Berlin] Cart.php - Adding new product to cart
[27-Nov-2025 19:20:03 Europe/Berlin] Cart.php - Add action successful
[27-Nov-2025 19:20:03 Europe/Berlin] Cart.php - Request received: POST
[27-Nov-2025 19:20:03 Europe/Berlin] Cart.php - Request body: {"action":"add","product_id":28,"quantity":1}
[27-Nov-2025 19:20:03 Europe/Berlin] JWT Auth - Token received: YES
[27-Nov-2025 19:20:03 Europe/Berlin] JWT Auth - Token validated successfully for user_id: 1
[27-Nov-2025 19:20:03 Europe/Berlin] Cart.php - Authenticated user_id: 1
[27-Nov-2025 19:20:03 Europe/Berlin] Cart.php - Action: add
[27-Nov-2025 19:20:03 Europe/Berlin] Cart.php - Data: {"action":"add","product_id":28,"quantity":1}
[27-Nov-2025 19:20:03 Europe/Berlin] Cart.php - Add action: product_id=28, quantity=1
[27-Nov-2025 19:20:03 Europe/Berlin] Cart.php - Checking if product already in cart for user 1
[27-Nov-2025 19:20:03 Europe/Berlin] Cart.php - Product already in cart, updating quantity
[27-Nov-2025 19:20:03 Europe/Berlin] Cart.php - Add action successful
[27-Nov-2025 19:20:03 Europe/Berlin] Cart.php - Request received: POST
[27-Nov-2025 19:20:03 Europe/Berlin] Cart.php - Request body: {}
[27-Nov-2025 19:20:03 Europe/Berlin] JWT Auth - Token received: YES
[27-Nov-2025 19:20:03 Europe/Berlin] JWT Auth - Token validated successfully for user_id: 1
[27-Nov-2025 19:20:03 Europe/Berlin] Cart.php - Authenticated user_id: 1
[27-Nov-2025 19:20:03 Europe/Berlin] Cart.php - Action: list
[27-Nov-2025 19:20:03 Europe/Berlin] Cart.php - Data: []
[27-Nov-2025 19:20:03 Europe/Berlin] Cart.php - Request received: POST
[27-Nov-2025 19:20:03 Europe/Berlin] Cart.php - Request body: {}
[27-Nov-2025 19:20:03 Europe/Berlin] JWT Auth - Token received: YES
[27-Nov-2025 19:20:03 Europe/Berlin] JWT Auth - Token validated successfully for user_id: 1
[27-Nov-2025 19:20:03 Europe/Berlin] Cart.php - Authenticated user_id: 1
[27-Nov-2025 19:20:03 Europe/Berlin] Cart.php - Action: list
[27-Nov-2025 19:20:03 Europe/Berlin] Cart.php - Data: []
[27-Nov-2025 19:20:06 Europe/Berlin] Cart.php - Request received: POST
[27-Nov-2025 19:20:06 Europe/Berlin] Cart.php - Request body: {}
[27-Nov-2025 19:20:06 Europe/Berlin] JWT Auth - Token received: YES
[27-Nov-2025 19:20:06 Europe/Berlin] JWT Auth - Token validated successfully for user_id: 1
[27-Nov-2025 19:20:06 Europe/Berlin] Cart.php - Authenticated user_id: 1
[27-Nov-2025 19:20:06 Europe/Berlin] Cart.php - Action: list
[27-Nov-2025 19:20:06 Europe/Berlin] Cart.php - Data: []
[27-Nov-2025 19:22:47 Europe/Berlin] Cart.php - Request received: POST
[27-Nov-2025 19:22:47 Europe/Berlin] Cart.php - Request body: {"action":"update","product_id":28,"quantity":1}
[27-Nov-2025 19:22:47 Europe/Berlin] JWT Auth - Token received: YES
[27-Nov-2025 19:22:47 Europe/Berlin] JWT Auth - Token validated successfully for user_id: 1
[27-Nov-2025 19:22:47 Europe/Berlin] Cart.php - Authenticated user_id: 1
[27-Nov-2025 19:22:47 Europe/Berlin] Cart.php - Action: update
[27-Nov-2025 19:22:47 Europe/Berlin] Cart.php - Data: {"action":"update","product_id":28,"quantity":1}
[27-Nov-2025 19:22:47 Europe/Berlin] Cart.php - Request received: POST
[27-Nov-2025 19:22:47 Europe/Berlin] Cart.php - Request body: {}
[27-Nov-2025 19:22:47 Europe/Berlin] JWT Auth - Token received: YES
[27-Nov-2025 19:22:47 Europe/Berlin] JWT Auth - Token validated successfully for user_id: 1
[27-Nov-2025 19:22:47 Europe/Berlin] Cart.php - Authenticated user_id: 1
[27-Nov-2025 19:22:47 Europe/Berlin] Cart.php - Action: list
[27-Nov-2025 19:22:47 Europe/Berlin] Cart.php - Data: []
[27-Nov-2025 19:22:50 Europe/Berlin] Cart.php - Request received: POST
[27-Nov-2025 19:22:50 Europe/Berlin] Cart.php - Request body: {"action":"update","product_id":28,"quantity":2}
[27-Nov-2025 19:22:50 Europe/Berlin] JWT Auth - Token received: YES
[27-Nov-2025 19:22:50 Europe/Berlin] JWT Auth - Token validated successfully for user_id: 1
[27-Nov-2025 19:22:50 Europe/Berlin] Cart.php - Authenticated user_id: 1
[27-Nov-2025 19:22:50 Europe/Berlin] Cart.php - Action: update
[27-Nov-2025 19:22:50 Europe/Berlin] Cart.php - Data: {"action":"update","product_id":28,"quantity":2}
[27-Nov-2025 19:22:50 Europe/Berlin] Cart.php - Request received: POST
[27-Nov-2025 19:22:50 Europe/Berlin] Cart.php - Request body: {}
[27-Nov-2025 19:22:50 Europe/Berlin] JWT Auth - Token received: YES
[27-Nov-2025 19:22:50 Europe/Berlin] JWT Auth - Token validated successfully for user_id: 1
[27-Nov-2025 19:22:50 Europe/Berlin] Cart.php - Authenticated user_id: 1
[27-Nov-2025 19:22:50 Europe/Berlin] Cart.php - Action: list
[27-Nov-2025 19:22:50 Europe/Berlin] Cart.php - Data: []
[27-Nov-2025 19:23:01 Europe/Berlin] Cart.php - Request received: POST
[27-Nov-2025 19:23:01 Europe/Berlin] Cart.php - Request body: {"action":"update","product_id":28,"quantity":3}
[27-Nov-2025 19:23:01 Europe/Berlin] JWT Auth - Token received: YES
[27-Nov-2025 19:23:01 Europe/Berlin] JWT Auth - Token validated successfully for user_id: 1
[27-Nov-2025 19:23:01 Europe/Berlin] Cart.php - Authenticated user_id: 1
[27-Nov-2025 19:23:01 Europe/Berlin] Cart.php - Action: update
[27-Nov-2025 19:23:01 Europe/Berlin] Cart.php - Data: {"action":"update","product_id":28,"quantity":3}
[27-Nov-2025 19:23:01 Europe/Berlin] Cart.php - Request received: POST
[27-Nov-2025 19:23:01 Europe/Berlin] Cart.php - Request body: {}
[27-Nov-2025 19:23:01 Europe/Berlin] JWT Auth - Token received: YES
[27-Nov-2025 19:23:01 Europe/Berlin] JWT Auth - Token validated successfully for user_id: 1
[27-Nov-2025 19:23:01 Europe/Berlin] Cart.php - Authenticated user_id: 1
[27-Nov-2025 19:23:01 Europe/Berlin] Cart.php - Action: list
[27-Nov-2025 19:23:01 Europe/Berlin] Cart.php - Data: []
[27-Nov-2025 19:23:13 Europe/Berlin] Cart.php - Request received: POST
[27-Nov-2025 19:23:13 Europe/Berlin] Cart.php - Request body: {"action":"update","product_id":28,"quantity":2}
[27-Nov-2025 19:23:13 Europe/Berlin] JWT Auth - Token received: YES
[27-Nov-2025 19:23:13 Europe/Berlin] JWT Auth - Token validated successfully for user_id: 1
[27-Nov-2025 19:23:13 Europe/Berlin] Cart.php - Authenticated user_id: 1
[27-Nov-2025 19:23:13 Europe/Berlin] Cart.php - Action: update
[27-Nov-2025 19:23:13 Europe/Berlin] Cart.php - Data: {"action":"update","product_id":28,"quantity":2}
[27-Nov-2025 19:23:13 Europe/Berlin] Cart.php - Request received: POST
[27-Nov-2025 19:23:13 Europe/Berlin] Cart.php - Request body: {}
[27-Nov-2025 19:23:13 Europe/Berlin] JWT Auth - Token received: YES
[27-Nov-2025 19:23:13 Europe/Berlin] JWT Auth - Token validated successfully for user_id: 1
[27-Nov-2025 19:23:13 Europe/Berlin] Cart.php - Authenticated user_id: 1
[27-Nov-2025 19:23:13 Europe/Berlin] Cart.php - Action: list
[27-Nov-2025 19:23:13 Europe/Berlin] Cart.php - Data: []
[27-Nov-2025 19:23:14 Europe/Berlin] Cart.php - Request received: POST
[27-Nov-2025 19:23:14 Europe/Berlin] Cart.php - Request body: {"action":"update","product_id":28,"quantity":1}
[27-Nov-2025 19:23:14 Europe/Berlin] JWT Auth - Token received: YES
[27-Nov-2025 19:23:14 Europe/Berlin] JWT Auth - Token validated successfully for user_id: 1
[27-Nov-2025 19:23:14 Europe/Berlin] Cart.php - Authenticated user_id: 1
[27-Nov-2025 19:23:14 Europe/Berlin] Cart.php - Action: update
[27-Nov-2025 19:23:14 Europe/Berlin] Cart.php - Data: {"action":"update","product_id":28,"quantity":1}
[27-Nov-2025 19:23:14 Europe/Berlin] Cart.php - Request received: POST
[27-Nov-2025 19:23:14 Europe/Berlin] Cart.php - Request body: {}
[27-Nov-2025 19:23:14 Europe/Berlin] JWT Auth - Token received: YES
[27-Nov-2025 19:23:14 Europe/Berlin] JWT Auth - Token validated successfully for user_id: 1
[27-Nov-2025 19:23:14 Europe/Berlin] Cart.php - Authenticated user_id: 1
[27-Nov-2025 19:23:14 Europe/Berlin] Cart.php - Action: list
[27-Nov-2025 19:23:14 Europe/Berlin] Cart.php - Data: []
[27-Nov-2025 19:23:54 Europe/Berlin] Cart.php - Request received: POST
[27-Nov-2025 19:23:54 Europe/Berlin] Cart.php - Request body: {}
[27-Nov-2025 19:23:54 Europe/Berlin] JWT Auth - Token received: YES
[27-Nov-2025 19:23:54 Europe/Berlin] JWT Auth - Token validated successfully for user_id: 2
[27-Nov-2025 19:23:54 Europe/Berlin] Cart.php - Authenticated user_id: 2
[27-Nov-2025 19:23:54 Europe/Berlin] Cart.php - Action: list
[27-Nov-2025 19:23:54 Europe/Berlin] Cart.php - Data: []
[28-Nov-2025 03:00:06 Europe/Berlin] Cart.php - Request received: POST
[28-Nov-2025 03:00:06 Europe/Berlin] Cart.php - Request body: {}
[28-Nov-2025 03:00:06 Europe/Berlin] JWT Auth - Token received: YES
[28-Nov-2025 03:00:06 Europe/Berlin] JWT Auth - Token validated successfully for user_id: 1
[28-Nov-2025 03:00:06 Europe/Berlin] Cart.php - Authenticated user_id: 1
[28-Nov-2025 03:00:06 Europe/Berlin] Cart.php - Action: list
[28-Nov-2025 03:00:06 Europe/Berlin] Cart.php - Data: []
[28-Nov-2025 03:53:03 Europe/Berlin] Cart.php - Request received: POST
[28-Nov-2025 03:53:03 Europe/Berlin] Cart.php - Request body: {}
[28-Nov-2025 03:53:03 Europe/Berlin] JWT Auth - Token received: YES
[28-Nov-2025 03:53:03 Europe/Berlin] JWT Auth - Token validated successfully for user_id: 4
[28-Nov-2025 03:53:03 Europe/Berlin] Cart.php - Authenticated user_id: 4
[28-Nov-2025 03:53:03 Europe/Berlin] Cart.php - Action: list
[28-Nov-2025 03:53:03 Europe/Berlin] Cart.php - Data: []
[28-Nov-2025 03:53:25 Europe/Berlin] Cart.php - Request received: POST
[28-Nov-2025 03:53:25 Europe/Berlin] Cart.php - Request body: {}
[28-Nov-2025 03:53:25 Europe/Berlin] JWT Auth - Token received: YES
[28-Nov-2025 03:53:25 Europe/Berlin] JWT Auth - Token validated successfully for user_id: 2
[28-Nov-2025 03:53:25 Europe/Berlin] Cart.php - Authenticated user_id: 2
[28-Nov-2025 03:53:25 Europe/Berlin] Cart.php - Action: list
[28-Nov-2025 03:53:25 Europe/Berlin] Cart.php - Data: []
[01-Dec-2025 14:36:50 Europe/Berlin] Cart.php - Request received: POST
[01-Dec-2025 14:36:50 Europe/Berlin] Cart.php - Request body: {"action":"add","product_id":46,"quantity":1}
[01-Dec-2025 14:36:50 Europe/Berlin] JWT Auth - Token received: YES
[01-Dec-2025 14:36:50 Europe/Berlin] JWT Auth - Token validated successfully for user_id: 2
[01-Dec-2025 14:36:50 Europe/Berlin] Cart.php - Authenticated user_id: 2
[01-Dec-2025 14:36:50 Europe/Berlin] Cart.php - Action: add
[01-Dec-2025 14:36:50 Europe/Berlin] Cart.php - Data: {"action":"add","product_id":46,"quantity":1}
[01-Dec-2025 14:36:50 Europe/Berlin] Cart.php - Add action: product_id=46, quantity=1
[01-Dec-2025 14:36:50 Europe/Berlin] Cart.php - Checking if product already in cart for user 2
[01-Dec-2025 14:36:50 Europe/Berlin] Cart.php - Adding new product to cart
[01-Dec-2025 14:36:50 Europe/Berlin] Cart.php - Add action successful
[01-Dec-2025 14:36:51 Europe/Berlin] Cart.php - Request received: POST
[01-Dec-2025 14:36:51 Europe/Berlin] Cart.php - Request body: {}
[01-Dec-2025 14:36:51 Europe/Berlin] JWT Auth - Token received: YES
[01-Dec-2025 14:36:51 Europe/Berlin] JWT Auth - Token validated successfully for user_id: 2
[01-Dec-2025 14:36:51 Europe/Berlin] Cart.php - Authenticated user_id: 2
[01-Dec-2025 14:36:51 Europe/Berlin] Cart.php - Action: list
[01-Dec-2025 14:36:51 Europe/Berlin] Cart.php - Data: []
[01-Dec-2025 14:36:55 Europe/Berlin] Cart.php - Request received: POST
[01-Dec-2025 14:36:55 Europe/Berlin] Cart.php - Request body: {"action":"add","product_id":44,"quantity":1}
[01-Dec-2025 14:36:55 Europe/Berlin] JWT Auth - Token received: YES
[01-Dec-2025 14:36:55 Europe/Berlin] JWT Auth - Token validated successfully for user_id: 2
[01-Dec-2025 14:36:55 Europe/Berlin] Cart.php - Authenticated user_id: 2
[01-Dec-2025 14:36:55 Europe/Berlin] Cart.php - Action: add
[01-Dec-2025 14:36:55 Europe/Berlin] Cart.php - Data: {"action":"add","product_id":44,"quantity":1}
[01-Dec-2025 14:36:55 Europe/Berlin] Cart.php - Add action: product_id=44, quantity=1
[01-Dec-2025 14:36:55 Europe/Berlin] Cart.php - Checking if product already in cart for user 2
[01-Dec-2025 14:36:55 Europe/Berlin] Cart.php - Adding new product to cart
[01-Dec-2025 14:36:55 Europe/Berlin] Cart.php - Add action successful
[01-Dec-2025 14:36:55 Europe/Berlin] Cart.php - Request received: POST
[01-Dec-2025 14:36:55 Europe/Berlin] Cart.php - Request body: {}
[01-Dec-2025 14:36:55 Europe/Berlin] JWT Auth - Token received: YES
[01-Dec-2025 14:36:55 Europe/Berlin] JWT Auth - Token validated successfully for user_id: 2
[01-Dec-2025 14:36:55 Europe/Berlin] Cart.php - Authenticated user_id: 2
[01-Dec-2025 14:36:55 Europe/Berlin] Cart.php - Action: list
[01-Dec-2025 14:36:55 Europe/Berlin] Cart.php - Data: []
[01-Dec-2025 14:37:03 Europe/Berlin] Cart.php - Request received: POST
[01-Dec-2025 14:37:03 Europe/Berlin] Cart.php - Request body: {}
[01-Dec-2025 14:37:03 Europe/Berlin] JWT Auth - Token received: YES
[01-Dec-2025 14:37:03 Europe/Berlin] JWT Auth - Token validated successfully for user_id: 2
[01-Dec-2025 14:37:03 Europe/Berlin] Cart.php - Authenticated user_id: 2
[01-Dec-2025 14:37:03 Europe/Berlin] Cart.php - Action: list
[01-Dec-2025 14:37:03 Europe/Berlin] Cart.php - Data: []
[01-Dec-2025 14:37:10 Europe/Berlin] Cart.php - Request received: POST
[01-Dec-2025 14:37:10 Europe/Berlin] Cart.php - Request body: {"action":"clear"}
[01-Dec-2025 14:37:10 Europe/Berlin] JWT Auth - Token received: YES
[01-Dec-2025 14:37:10 Europe/Berlin] JWT Auth - Token validated successfully for user_id: 2
[01-Dec-2025 14:37:10 Europe/Berlin] Cart.php - Authenticated user_id: 2
[01-Dec-2025 14:37:10 Europe/Berlin] Cart.php - Action: clear
[01-Dec-2025 14:37:10 Europe/Berlin] Cart.php - Data: {"action":"clear"}
[01-Dec-2025 14:51:32 Europe/Berlin] Cart.php - Request received: POST
[01-Dec-2025 14:51:32 Europe/Berlin] Cart.php - Request body: {}
[01-Dec-2025 14:51:32 Europe/Berlin] JWT Auth - Token received: YES
[01-Dec-2025 14:51:32 Europe/Berlin] JWT Auth - Token validated successfully for user_id: 2
[01-Dec-2025 14:51:32 Europe/Berlin] Cart.php - Authenticated user_id: 2
[01-Dec-2025 14:51:32 Europe/Berlin] Cart.php - Action: list
[01-Dec-2025 14:51:32 Europe/Berlin] Cart.php - Data: []
[01-Dec-2025 14:51:39 Europe/Berlin] Cart.php - Request received: POST
[01-Dec-2025 14:51:39 Europe/Berlin] Cart.php - Request body: {"action":"add","product_id":46,"quantity":1}
[01-Dec-2025 14:51:39 Europe/Berlin] JWT Auth - Token received: YES
[01-Dec-2025 14:51:39 Europe/Berlin] JWT Auth - Token validated successfully for user_id: 2
[01-Dec-2025 14:51:39 Europe/Berlin] Cart.php - Authenticated user_id: 2
[01-Dec-2025 14:51:39 Europe/Berlin] Cart.php - Action: add
[01-Dec-2025 14:51:39 Europe/Berlin] Cart.php - Data: {"action":"add","product_id":46,"quantity":1}
[01-Dec-2025 14:51:39 Europe/Berlin] Cart.php - Add action: product_id=46, quantity=1
[01-Dec-2025 14:51:39 Europe/Berlin] Cart.php - Checking if product already in cart for user 2
[01-Dec-2025 14:51:39 Europe/Berlin] Cart.php - Adding new product to cart
[01-Dec-2025 14:51:39 Europe/Berlin] Cart.php - Add action successful
[01-Dec-2025 14:51:39 Europe/Berlin] Cart.php - Request received: POST
[01-Dec-2025 14:51:39 Europe/Berlin] Cart.php - Request body: {}
[01-Dec-2025 14:51:39 Europe/Berlin] JWT Auth - Token received: YES
[01-Dec-2025 14:51:39 Europe/Berlin] JWT Auth - Token validated successfully for user_id: 2
[01-Dec-2025 14:51:39 Europe/Berlin] Cart.php - Authenticated user_id: 2
[01-Dec-2025 14:51:39 Europe/Berlin] Cart.php - Action: list
[01-Dec-2025 14:51:39 Europe/Berlin] Cart.php - Data: []
[01-Dec-2025 14:51:40 Europe/Berlin] Cart.php - Request received: POST
[01-Dec-2025 14:51:40 Europe/Berlin] Cart.php - Request body: {"action":"add","product_id":44,"quantity":1}
[01-Dec-2025 14:51:40 Europe/Berlin] JWT Auth - Token received: YES
[01-Dec-2025 14:51:40 Europe/Berlin] JWT Auth - Token validated successfully for user_id: 2
[01-Dec-2025 14:51:40 Europe/Berlin] Cart.php - Authenticated user_id: 2
[01-Dec-2025 14:51:40 Europe/Berlin] Cart.php - Action: add
[01-Dec-2025 14:51:40 Europe/Berlin] Cart.php - Data: {"action":"add","product_id":44,"quantity":1}
[01-Dec-2025 14:51:40 Europe/Berlin] Cart.php - Add action: product_id=44, quantity=1
[01-Dec-2025 14:51:40 Europe/Berlin] Cart.php - Checking if product already in cart for user 2
[01-Dec-2025 14:51:40 Europe/Berlin] Cart.php - Adding new product to cart
[01-Dec-2025 14:51:40 Europe/Berlin] Cart.php - Add action successful
[01-Dec-2025 14:51:40 Europe/Berlin] Cart.php - Request received: POST
[01-Dec-2025 14:51:40 Europe/Berlin] Cart.php - Request body: {}
[01-Dec-2025 14:51:40 Europe/Berlin] JWT Auth - Token received: YES
[01-Dec-2025 14:51:40 Europe/Berlin] JWT Auth - Token validated successfully for user_id: 2
[01-Dec-2025 14:51:40 Europe/Berlin] Cart.php - Authenticated user_id: 2
[01-Dec-2025 14:51:40 Europe/Berlin] Cart.php - Action: list
[01-Dec-2025 14:51:40 Europe/Berlin] Cart.php - Data: []
[01-Dec-2025 14:51:44 Europe/Berlin] Cart.php - Request received: POST
[01-Dec-2025 14:51:44 Europe/Berlin] Cart.php - Request body: {}
[01-Dec-2025 14:51:44 Europe/Berlin] JWT Auth - Token received: YES
[01-Dec-2025 14:51:44 Europe/Berlin] JWT Auth - Token validated successfully for user_id: 2
[01-Dec-2025 14:51:44 Europe/Berlin] Cart.php - Authenticated user_id: 2
[01-Dec-2025 14:51:44 Europe/Berlin] Cart.php - Action: list
[01-Dec-2025 14:51:44 Europe/Berlin] Cart.php - Data: []
[01-Dec-2025 14:59:36 Europe/Berlin] Cart.php - Request received: POST
[01-Dec-2025 14:59:36 Europe/Berlin] Cart.php - Request body: {}
[01-Dec-2025 14:59:36 Europe/Berlin] JWT Auth - Token received: YES
[01-Dec-2025 14:59:36 Europe/Berlin] JWT Auth - Token validated successfully for user_id: 2
[01-Dec-2025 14:59:36 Europe/Berlin] Cart.php - Authenticated user_id: 2
[01-Dec-2025 14:59:36 Europe/Berlin] Cart.php - Action: list
[01-Dec-2025 14:59:36 Europe/Berlin] Cart.php - Data: []
[01-Dec-2025 14:59:51 Europe/Berlin] Cart.php - Request received: POST
[01-Dec-2025 14:59:51 Europe/Berlin] Cart.php - Request body: {"action":"add","product_id":46,"quantity":1}
[01-Dec-2025 14:59:51 Europe/Berlin] JWT Auth - Token received: YES
[01-Dec-2025 14:59:51 Europe/Berlin] JWT Auth - Token validated successfully for user_id: 2
[01-Dec-2025 14:59:51 Europe/Berlin] Cart.php - Authenticated user_id: 2
[01-Dec-2025 14:59:51 Europe/Berlin] Cart.php - Action: add
[01-Dec-2025 14:59:51 Europe/Berlin] Cart.php - Data: {"action":"add","product_id":46,"quantity":1}
[01-Dec-2025 14:59:51 Europe/Berlin] Cart.php - Add action: product_id=46, quantity=1
[01-Dec-2025 14:59:51 Europe/Berlin] Cart.php - Checking if product already in cart for user 2
[01-Dec-2025 14:59:51 Europe/Berlin] Cart.php - Adding new product to cart
[01-Dec-2025 14:59:51 Europe/Berlin] Cart.php - Add action successful
[01-Dec-2025 14:59:51 Europe/Berlin] Cart.php - Request received: POST
[01-Dec-2025 14:59:51 Europe/Berlin] Cart.php - Request body: {}
[01-Dec-2025 14:59:51 Europe/Berlin] JWT Auth - Token received: YES
[01-Dec-2025 14:59:51 Europe/Berlin] JWT Auth - Token validated successfully for user_id: 2
[01-Dec-2025 14:59:51 Europe/Berlin] Cart.php - Authenticated user_id: 2
[01-Dec-2025 14:59:51 Europe/Berlin] Cart.php - Action: list
[01-Dec-2025 14:59:51 Europe/Berlin] Cart.php - Data: []
[01-Dec-2025 14:59:53 Europe/Berlin] Cart.php - Request received: POST
[01-Dec-2025 14:59:53 Europe/Berlin] Cart.php - Request body: {"action":"add","product_id":44,"quantity":1}
[01-Dec-2025 14:59:53 Europe/Berlin] JWT Auth - Token received: YES
[01-Dec-2025 14:59:53 Europe/Berlin] JWT Auth - Token validated successfully for user_id: 2
[01-Dec-2025 14:59:53 Europe/Berlin] Cart.php - Authenticated user_id: 2
[01-Dec-2025 14:59:53 Europe/Berlin] Cart.php - Action: add
[01-Dec-2025 14:59:53 Europe/Berlin] Cart.php - Data: {"action":"add","product_id":44,"quantity":1}
[01-Dec-2025 14:59:53 Europe/Berlin] Cart.php - Add action: product_id=44, quantity=1
[01-Dec-2025 14:59:53 Europe/Berlin] Cart.php - Checking if product already in cart for user 2
[01-Dec-2025 14:59:53 Europe/Berlin] Cart.php - Adding new product to cart
[01-Dec-2025 14:59:53 Europe/Berlin] Cart.php - Add action successful
[01-Dec-2025 14:59:53 Europe/Berlin] Cart.php - Request received: POST
[01-Dec-2025 14:59:53 Europe/Berlin] Cart.php - Request body: {}
[01-Dec-2025 14:59:53 Europe/Berlin] JWT Auth - Token received: YES
[01-Dec-2025 14:59:53 Europe/Berlin] JWT Auth - Token validated successfully for user_id: 2
[01-Dec-2025 14:59:53 Europe/Berlin] Cart.php - Authenticated user_id: 2
[01-Dec-2025 14:59:53 Europe/Berlin] Cart.php - Action: list
[01-Dec-2025 14:59:53 Europe/Berlin] Cart.php - Data: []
[01-Dec-2025 14:59:58 Europe/Berlin] Cart.php - Request received: POST
[01-Dec-2025 14:59:58 Europe/Berlin] Cart.php - Request body: {}
[01-Dec-2025 14:59:58 Europe/Berlin] JWT Auth - Token received: YES
[01-Dec-2025 14:59:58 Europe/Berlin] JWT Auth - Token validated successfully for user_id: 2
[01-Dec-2025 14:59:58 Europe/Berlin] Cart.php - Authenticated user_id: 2
[01-Dec-2025 14:59:58 Europe/Berlin] Cart.php - Action: list
[01-Dec-2025 14:59:58 Europe/Berlin] Cart.php - Data: []
[01-Dec-2025 15:02:23 Europe/Berlin] Cart.php - Request received: POST
[01-Dec-2025 15:02:23 Europe/Berlin] Cart.php - Request body: {}
[01-Dec-2025 15:02:23 Europe/Berlin] JWT Auth - Token received: YES
[01-Dec-2025 15:02:23 Europe/Berlin] JWT Auth - Token validated successfully for user_id: 2
[01-Dec-2025 15:02:23 Europe/Berlin] Cart.php - Authenticated user_id: 2
[01-Dec-2025 15:02:23 Europe/Berlin] Cart.php - Action: list
[01-Dec-2025 15:02:23 Europe/Berlin] Cart.php - Data: []
[01-Dec-2025 15:02:34 Europe/Berlin] Cart.php - Request received: POST
[01-Dec-2025 15:02:34 Europe/Berlin] Cart.php - Request body: {"action":"add","product_id":46,"quantity":1}
[01-Dec-2025 15:02:34 Europe/Berlin] JWT Auth - Token received: YES
[01-Dec-2025 15:02:34 Europe/Berlin] JWT Auth - Token validated successfully for user_id: 2
[01-Dec-2025 15:02:34 Europe/Berlin] Cart.php - Authenticated user_id: 2
[01-Dec-2025 15:02:34 Europe/Berlin] Cart.php - Action: add
[01-Dec-2025 15:02:34 Europe/Berlin] Cart.php - Data: {"action":"add","product_id":46,"quantity":1}
[01-Dec-2025 15:02:34 Europe/Berlin] Cart.php - Add action: product_id=46, quantity=1
[01-Dec-2025 15:02:34 Europe/Berlin] Cart.php - Checking if product already in cart for user 2
[01-Dec-2025 15:02:34 Europe/Berlin] Cart.php - Adding new product to cart
[01-Dec-2025 15:02:34 Europe/Berlin] Cart.php - Add action successful
[01-Dec-2025 15:02:34 Europe/Berlin] Cart.php - Request received: POST
[01-Dec-2025 15:02:34 Europe/Berlin] Cart.php - Request body: {}
[01-Dec-2025 15:02:34 Europe/Berlin] JWT Auth - Token received: YES
[01-Dec-2025 15:02:34 Europe/Berlin] JWT Auth - Token validated successfully for user_id: 2
[01-Dec-2025 15:02:34 Europe/Berlin] Cart.php - Authenticated user_id: 2
[01-Dec-2025 15:02:34 Europe/Berlin] Cart.php - Action: list
[01-Dec-2025 15:02:34 Europe/Berlin] Cart.php - Data: []
[01-Dec-2025 15:02:37 Europe/Berlin] Cart.php - Request received: POST
[01-Dec-2025 15:02:37 Europe/Berlin] Cart.php - Request body: {"action":"add","product_id":44,"quantity":1}
[01-Dec-2025 15:02:37 Europe/Berlin] JWT Auth - Token received: YES
[01-Dec-2025 15:02:37 Europe/Berlin] JWT Auth - Token validated successfully for user_id: 2
[01-Dec-2025 15:02:37 Europe/Berlin] Cart.php - Authenticated user_id: 2
[01-Dec-2025 15:02:37 Europe/Berlin] Cart.php - Action: add
[01-Dec-2025 15:02:37 Europe/Berlin] Cart.php - Data: {"action":"add","product_id":44,"quantity":1}
[01-Dec-2025 15:02:37 Europe/Berlin] Cart.php - Add action: product_id=44, quantity=1
[01-Dec-2025 15:02:37 Europe/Berlin] Cart.php - Checking if product already in cart for user 2
[01-Dec-2025 15:02:37 Europe/Berlin] Cart.php - Adding new product to cart
[01-Dec-2025 15:02:37 Europe/Berlin] Cart.php - Add action successful
[01-Dec-2025 15:02:37 Europe/Berlin] Cart.php - Request received: POST
[01-Dec-2025 15:02:37 Europe/Berlin] Cart.php - Request body: {}
[01-Dec-2025 15:02:37 Europe/Berlin] JWT Auth - Token received: YES
[01-Dec-2025 15:02:37 Europe/Berlin] JWT Auth - Token validated successfully for user_id: 2
[01-Dec-2025 15:02:37 Europe/Berlin] Cart.php - Authenticated user_id: 2
[01-Dec-2025 15:02:37 Europe/Berlin] Cart.php - Action: list
[01-Dec-2025 15:02:37 Europe/Berlin] Cart.php - Data: []
[01-Dec-2025 15:02:41 Europe/Berlin] Cart.php - Request received: POST
[01-Dec-2025 15:02:41 Europe/Berlin] Cart.php - Request body: {}
[01-Dec-2025 15:02:41 Europe/Berlin] JWT Auth - Token received: YES
[01-Dec-2025 15:02:41 Europe/Berlin] JWT Auth - Token validated successfully for user_id: 2
[01-Dec-2025 15:02:41 Europe/Berlin] Cart.php - Authenticated user_id: 2
[01-Dec-2025 15:02:41 Europe/Berlin] Cart.php - Action: list
[01-Dec-2025 15:02:41 Europe/Berlin] Cart.php - Data: []
[01-Dec-2025 15:04:28 Europe/Berlin] Cart.php - Request received: POST
[01-Dec-2025 15:04:28 Europe/Berlin] Cart.php - Request body: {}
[01-Dec-2025 15:04:28 Europe/Berlin] JWT Auth - Token received: YES
[01-Dec-2025 15:04:28 Europe/Berlin] JWT Auth - Token validated successfully for user_id: 2
[01-Dec-2025 15:04:28 Europe/Berlin] Cart.php - Authenticated user_id: 2
[01-Dec-2025 15:04:28 Europe/Berlin] Cart.php - Action: list
[01-Dec-2025 15:04:28 Europe/Berlin] Cart.php - Data: []
[01-Dec-2025 15:04:37 Europe/Berlin] Cart.php - Request received: POST
[01-Dec-2025 15:04:37 Europe/Berlin] Cart.php - Request body: {"action":"add","product_id":46,"quantity":1}
[01-Dec-2025 15:04:37 Europe/Berlin] JWT Auth - Token received: YES
[01-Dec-2025 15:04:37 Europe/Berlin] JWT Auth - Token validated successfully for user_id: 2
[01-Dec-2025 15:04:37 Europe/Berlin] Cart.php - Authenticated user_id: 2
[01-Dec-2025 15:04:37 Europe/Berlin] Cart.php - Action: add
[01-Dec-2025 15:04:37 Europe/Berlin] Cart.php - Data: {"action":"add","product_id":46,"quantity":1}
[01-Dec-2025 15:04:37 Europe/Berlin] Cart.php - Add action: product_id=46, quantity=1
[01-Dec-2025 15:04:37 Europe/Berlin] Cart.php - Checking if product already in cart for user 2
[01-Dec-2025 15:04:37 Europe/Berlin] Cart.php - Adding new product to cart
[01-Dec-2025 15:04:37 Europe/Berlin] Cart.php - Add action successful
[01-Dec-2025 15:04:37 Europe/Berlin] Cart.php - Request received: POST
[01-Dec-2025 15:04:37 Europe/Berlin] Cart.php - Request body: {}
[01-Dec-2025 15:04:37 Europe/Berlin] JWT Auth - Token received: YES
[01-Dec-2025 15:04:37 Europe/Berlin] JWT Auth - Token validated successfully for user_id: 2
[01-Dec-2025 15:04:37 Europe/Berlin] Cart.php - Authenticated user_id: 2
[01-Dec-2025 15:04:37 Europe/Berlin] Cart.php - Action: list
[01-Dec-2025 15:04:37 Europe/Berlin] Cart.php - Data: []
[01-Dec-2025 15:04:41 Europe/Berlin] Cart.php - Request received: POST
[01-Dec-2025 15:04:41 Europe/Berlin] Cart.php - Request body: {"action":"add","product_id":45,"quantity":1}
[01-Dec-2025 15:04:41 Europe/Berlin] JWT Auth - Token received: YES
[01-Dec-2025 15:04:41 Europe/Berlin] JWT Auth - Token validated successfully for user_id: 2
[01-Dec-2025 15:04:41 Europe/Berlin] Cart.php - Authenticated user_id: 2
[01-Dec-2025 15:04:41 Europe/Berlin] Cart.php - Action: add
[01-Dec-2025 15:04:41 Europe/Berlin] Cart.php - Data: {"action":"add","product_id":45,"quantity":1}
[01-Dec-2025 15:04:41 Europe/Berlin] Cart.php - Add action: product_id=45, quantity=1
[01-Dec-2025 15:04:41 Europe/Berlin] Cart.php - Checking if product already in cart for user 2
[01-Dec-2025 15:04:41 Europe/Berlin] Cart.php - Adding new product to cart
[01-Dec-2025 15:04:41 Europe/Berlin] Cart.php - Add action successful
[01-Dec-2025 15:04:42 Europe/Berlin] Cart.php - Request received: POST
[01-Dec-2025 15:04:42 Europe/Berlin] Cart.php - Request body: {}
[01-Dec-2025 15:04:42 Europe/Berlin] JWT Auth - Token received: YES
[01-Dec-2025 15:04:42 Europe/Berlin] JWT Auth - Token validated successfully for user_id: 2
[01-Dec-2025 15:04:42 Europe/Berlin] Cart.php - Authenticated user_id: 2
[01-Dec-2025 15:04:42 Europe/Berlin] Cart.php - Action: list
[01-Dec-2025 15:04:42 Europe/Berlin] Cart.php - Data: []
[01-Dec-2025 15:04:46 Europe/Berlin] Cart.php - Request received: POST
[01-Dec-2025 15:04:46 Europe/Berlin] Cart.php - Request body: {}
[01-Dec-2025 15:04:46 Europe/Berlin] JWT Auth - Token received: YES
[01-Dec-2025 15:04:46 Europe/Berlin] JWT Auth - Token validated successfully for user_id: 2
[01-Dec-2025 15:04:46 Europe/Berlin] Cart.php - Authenticated user_id: 2
[01-Dec-2025 15:04:46 Europe/Berlin] Cart.php - Action: list
[01-Dec-2025 15:04:46 Europe/Berlin] Cart.php - Data: []
[01-Dec-2025 15:15:47 Europe/Berlin] Cart.php - Request received: POST
[01-Dec-2025 15:15:47 Europe/Berlin] Cart.php - Request body: {}
[01-Dec-2025 15:15:47 Europe/Berlin] JWT Auth - Token received: YES
[01-Dec-2025 15:15:47 Europe/Berlin] JWT Auth - Token validated successfully for user_id: 2
[01-Dec-2025 15:15:47 Europe/Berlin] Cart.php - Authenticated user_id: 2
[01-Dec-2025 15:15:47 Europe/Berlin] Cart.php - Action: list
[01-Dec-2025 15:15:47 Europe/Berlin] Cart.php - Data: []
[01-Dec-2025 15:15:51 Europe/Berlin] Cart.php - Request received: POST
[01-Dec-2025 15:15:51 Europe/Berlin] Cart.php - Request body: {}
[01-Dec-2025 15:15:51 Europe/Berlin] JWT Auth - Token received: YES
[01-Dec-2025 15:15:51 Europe/Berlin] JWT Auth - Token validated successfully for user_id: 2
[01-Dec-2025 15:15:51 Europe/Berlin] Cart.php - Authenticated user_id: 2
[01-Dec-2025 15:15:51 Europe/Berlin] Cart.php - Action: list
[01-Dec-2025 15:15:51 Europe/Berlin] Cart.php - Data: []
[01-Dec-2025 15:16:08 Europe/Berlin] Cart.php - Request received: POST
[01-Dec-2025 15:16:08 Europe/Berlin] Cart.php - Request body: {"action":"add","product_id":46,"quantity":1}
[01-Dec-2025 15:16:08 Europe/Berlin] JWT Auth - Token received: YES
[01-Dec-2025 15:16:08 Europe/Berlin] JWT Auth - Token validated successfully for user_id: 2
[01-Dec-2025 15:16:08 Europe/Berlin] Cart.php - Authenticated user_id: 2
[01-Dec-2025 15:16:08 Europe/Berlin] Cart.php - Action: add
[01-Dec-2025 15:16:08 Europe/Berlin] Cart.php - Data: {"action":"add","product_id":46,"quantity":1}
[01-Dec-2025 15:16:08 Europe/Berlin] Cart.php - Add action: product_id=46, quantity=1
[01-Dec-2025 15:16:08 Europe/Berlin] Cart.php - Checking if product already in cart for user 2
[01-Dec-2025 15:16:08 Europe/Berlin] Cart.php - Adding new product to cart
[01-Dec-2025 15:16:08 Europe/Berlin] Cart.php - Add action successful
[01-Dec-2025 15:16:09 Europe/Berlin] Cart.php - Request received: POST
[01-Dec-2025 15:16:09 Europe/Berlin] Cart.php - Request body: {}
[01-Dec-2025 15:16:09 Europe/Berlin] JWT Auth - Token received: YES
[01-Dec-2025 15:16:09 Europe/Berlin] JWT Auth - Token validated successfully for user_id: 2
[01-Dec-2025 15:16:09 Europe/Berlin] Cart.php - Authenticated user_id: 2
[01-Dec-2025 15:16:09 Europe/Berlin] Cart.php - Action: list
[01-Dec-2025 15:16:09 Europe/Berlin] Cart.php - Data: []
[01-Dec-2025 15:16:13 Europe/Berlin] Cart.php - Request received: POST
[01-Dec-2025 15:16:13 Europe/Berlin] Cart.php - Request body: {}
[01-Dec-2025 15:16:13 Europe/Berlin] JWT Auth - Token received: YES
[01-Dec-2025 15:16:13 Europe/Berlin] JWT Auth - Token validated successfully for user_id: 2
[01-Dec-2025 15:16:13 Europe/Berlin] Cart.php - Authenticated user_id: 2
[01-Dec-2025 15:16:13 Europe/Berlin] Cart.php - Action: list
[01-Dec-2025 15:16:13 Europe/Berlin] Cart.php - Data: []
[01-Dec-2025 15:16:27 Europe/Berlin] Cart.php - Request received: POST
[01-Dec-2025 15:16:27 Europe/Berlin] Cart.php - Request body: {"action":"add","product_id":45,"quantity":1}
[01-Dec-2025 15:16:27 Europe/Berlin] JWT Auth - Token received: YES
[01-Dec-2025 15:16:27 Europe/Berlin] JWT Auth - Token validated successfully for user_id: 2
[01-Dec-2025 15:16:27 Europe/Berlin] Cart.php - Authenticated user_id: 2
[01-Dec-2025 15:16:27 Europe/Berlin] Cart.php - Action: add
[01-Dec-2025 15:16:27 Europe/Berlin] Cart.php - Data: {"action":"add","product_id":45,"quantity":1}
[01-Dec-2025 15:16:27 Europe/Berlin] Cart.php - Add action: product_id=45, quantity=1
[01-Dec-2025 15:16:27 Europe/Berlin] Cart.php - Checking if product already in cart for user 2
[01-Dec-2025 15:16:27 Europe/Berlin] Cart.php - Adding new product to cart
[01-Dec-2025 15:16:27 Europe/Berlin] Cart.php - Add action successful
[01-Dec-2025 15:16:27 Europe/Berlin] Cart.php - Request received: POST
[01-Dec-2025 15:16:27 Europe/Berlin] Cart.php - Request body: {}
[01-Dec-2025 15:16:27 Europe/Berlin] JWT Auth - Token received: YES
[01-Dec-2025 15:16:27 Europe/Berlin] JWT Auth - Token validated successfully for user_id: 2
[01-Dec-2025 15:16:27 Europe/Berlin] Cart.php - Authenticated user_id: 2
[01-Dec-2025 15:16:27 Europe/Berlin] Cart.php - Action: list
[01-Dec-2025 15:16:27 Europe/Berlin] Cart.php - Data: []
[01-Dec-2025 15:16:33 Europe/Berlin] Cart.php - Request received: POST
[01-Dec-2025 15:16:33 Europe/Berlin] Cart.php - Request body: {}
[01-Dec-2025 15:16:33 Europe/Berlin] JWT Auth - Token received: YES
[01-Dec-2025 15:16:33 Europe/Berlin] JWT Auth - Token validated successfully for user_id: 2
[01-Dec-2025 15:16:33 Europe/Berlin] Cart.php - Authenticated user_id: 2
[01-Dec-2025 15:16:33 Europe/Berlin] Cart.php - Action: list
[01-Dec-2025 15:16:33 Europe/Berlin] Cart.php - Data: []
[01-Dec-2025 15:16:55 Europe/Berlin] Cart.php - Request received: POST
[01-Dec-2025 15:16:55 Europe/Berlin] Cart.php - Request body: {}
[01-Dec-2025 15:16:55 Europe/Berlin] Cart.php - Request received: POST
[01-Dec-2025 15:16:55 Europe/Berlin] JWT Auth - Token received: YES
[01-Dec-2025 15:16:55 Europe/Berlin] Cart.php - Request body: {}
[01-Dec-2025 15:16:55 Europe/Berlin] JWT Auth - Token validated successfully for user_id: 2
[01-Dec-2025 15:16:55 Europe/Berlin] JWT Auth - Token received: YES
[01-Dec-2025 15:16:55 Europe/Berlin] Cart.php - Authenticated user_id: 2
[01-Dec-2025 15:16:55 Europe/Berlin] JWT Auth - Token validated successfully for user_id: 2
[01-Dec-2025 15:16:55 Europe/Berlin] Cart.php - Action: list
[01-Dec-2025 15:16:55 Europe/Berlin] Cart.php - Authenticated user_id: 2
[01-Dec-2025 15:16:55 Europe/Berlin] Cart.php - Data: []
[01-Dec-2025 15:16:55 Europe/Berlin] Cart.php - Action: list
[01-Dec-2025 15:16:55 Europe/Berlin] Cart.php - Data: []
[01-Dec-2025 15:16:55 Europe/Berlin] Cart.php - Request received: POST
[01-Dec-2025 15:16:55 Europe/Berlin] Cart.php - Request body: {}
[01-Dec-2025 15:16:55 Europe/Berlin] JWT Auth - Token received: YES
[01-Dec-2025 15:16:55 Europe/Berlin] JWT Auth - Token validated successfully for user_id: 2
[01-Dec-2025 15:16:55 Europe/Berlin] Cart.php - Authenticated user_id: 2
[01-Dec-2025 15:16:55 Europe/Berlin] Cart.php - Action: list
[01-Dec-2025 15:16:55 Europe/Berlin] Cart.php - Data: []
[01-Dec-2025 15:17:41 Europe/Berlin] Cart.php - Request received: POST
[01-Dec-2025 15:17:41 Europe/Berlin] Cart.php - Request body: {}
[01-Dec-2025 15:17:41 Europe/Berlin] JWT Auth - Token received: YES
[01-Dec-2025 15:17:41 Europe/Berlin] JWT Auth - Token validated successfully for user_id: 2
[01-Dec-2025 15:17:41 Europe/Berlin] Cart.php - Authenticated user_id: 2
[01-Dec-2025 15:17:41 Europe/Berlin] Cart.php - Action: list
[01-Dec-2025 15:17:41 Europe/Berlin] Cart.php - Data: []
[01-Dec-2025 15:17:41 Europe/Berlin] Cart.php - Request received: POST
[01-Dec-2025 15:17:41 Europe/Berlin] Cart.php - Request body: {}
[01-Dec-2025 15:17:41 Europe/Berlin] JWT Auth - Token received: YES
[01-Dec-2025 15:17:41 Europe/Berlin] JWT Auth - Token validated successfully for user_id: 2
[01-Dec-2025 15:17:41 Europe/Berlin] Cart.php - Authenticated user_id: 2
[01-Dec-2025 15:17:41 Europe/Berlin] Cart.php - Action: list
[01-Dec-2025 15:17:41 Europe/Berlin] Cart.php - Data: []
[01-Dec-2025 15:17:41 Europe/Berlin] Cart.php - Request received: POST
[01-Dec-2025 15:17:41 Europe/Berlin] Cart.php - Request body: {}
[01-Dec-2025 15:17:41 Europe/Berlin] JWT Auth - Token received: YES
[01-Dec-2025 15:17:41 Europe/Berlin] JWT Auth - Token validated successfully for user_id: 2
[01-Dec-2025 15:17:41 Europe/Berlin] Cart.php - Authenticated user_id: 2
[01-Dec-2025 15:17:41 Europe/Berlin] Cart.php - Action: list
[01-Dec-2025 15:17:41 Europe/Berlin] Cart.php - Data: []
[01-Dec-2025 15:17:44 Europe/Berlin] Cart.php - Request received: POST
[01-Dec-2025 15:17:44 Europe/Berlin] Cart.php - Request body: {}
[01-Dec-2025 15:17:44 Europe/Berlin] JWT Auth - Token received: YES
[01-Dec-2025 15:17:44 Europe/Berlin] JWT Auth - Token validated successfully for user_id: 2
[01-Dec-2025 15:17:44 Europe/Berlin] Cart.php - Authenticated user_id: 2
[01-Dec-2025 15:17:44 Europe/Berlin] Cart.php - Action: list
[01-Dec-2025 15:17:44 Europe/Berlin] Cart.php - Data: []
[01-Dec-2025 15:18:07 Europe/Berlin] Cart.php - Request received: POST
[01-Dec-2025 15:18:07 Europe/Berlin] Cart.php - Request body: {}
[01-Dec-2025 15:18:07 Europe/Berlin] JWT Auth - Token received: YES
[01-Dec-2025 15:18:07 Europe/Berlin] JWT Auth - Token validated successfully for user_id: 2
[01-Dec-2025 15:18:07 Europe/Berlin] Cart.php - Authenticated user_id: 2
[01-Dec-2025 15:18:07 Europe/Berlin] Cart.php - Action: list
[01-Dec-2025 15:18:07 Europe/Berlin] Cart.php - Data: []
[01-Dec-2025 15:18:07 Europe/Berlin] Cart.php - Request received: POST
[01-Dec-2025 15:18:07 Europe/Berlin] Cart.php - Request body: {}
[01-Dec-2025 15:18:07 Europe/Berlin] JWT Auth - Token received: YES
[01-Dec-2025 15:18:07 Europe/Berlin] JWT Auth - Token validated successfully for user_id: 2
[01-Dec-2025 15:18:07 Europe/Berlin] Cart.php - Authenticated user_id: 2
[01-Dec-2025 15:18:07 Europe/Berlin] Cart.php - Action: list
[01-Dec-2025 15:18:07 Europe/Berlin] Cart.php - Data: []
[01-Dec-2025 15:18:07 Europe/Berlin] Cart.php - Request received: POST
[01-Dec-2025 15:18:07 Europe/Berlin] Cart.php - Request body: {}
[01-Dec-2025 15:18:07 Europe/Berlin] JWT Auth - Token received: YES
[01-Dec-2025 15:18:07 Europe/Berlin] JWT Auth - Token validated successfully for user_id: 2
[01-Dec-2025 15:18:07 Europe/Berlin] Cart.php - Authenticated user_id: 2
[01-Dec-2025 15:18:07 Europe/Berlin] Cart.php - Action: list
[01-Dec-2025 15:18:07 Europe/Berlin] Cart.php - Data: []
[01-Dec-2025 15:18:07 Europe/Berlin] Cart.php - Request received: POST
[01-Dec-2025 15:18:07 Europe/Berlin] Cart.php - Request body: {}
[01-Dec-2025 15:18:07 Europe/Berlin] JWT Auth - Token received: YES
[01-Dec-2025 15:18:07 Europe/Berlin] JWT Auth - Token validated successfully for user_id: 2
[01-Dec-2025 15:18:07 Europe/Berlin] Cart.php - Authenticated user_id: 2
[01-Dec-2025 15:18:07 Europe/Berlin] Cart.php - Action: list
[01-Dec-2025 15:18:07 Europe/Berlin] Cart.php - Data: []
[01-Dec-2025 15:18:22 Europe/Berlin] Cart.php - Request received: POST
[01-Dec-2025 15:18:22 Europe/Berlin] Cart.php - Request body: {}
[01-Dec-2025 15:18:22 Europe/Berlin] JWT Auth - Token received: YES
[01-Dec-2025 15:18:22 Europe/Berlin] JWT Auth - Token validated successfully for user_id: 2
[01-Dec-2025 15:18:22 Europe/Berlin] Cart.php - Authenticated user_id: 2
[01-Dec-2025 15:18:22 Europe/Berlin] Cart.php - Action: list
[01-Dec-2025 15:18:22 Europe/Berlin] Cart.php - Data: []
[01-Dec-2025 15:18:22 Europe/Berlin] Cart.php - Request received: POST
[01-Dec-2025 15:18:22 Europe/Berlin] Cart.php - Request body: {}
[01-Dec-2025 15:18:22 Europe/Berlin] JWT Auth - Token received: YES
[01-Dec-2025 15:18:22 Europe/Berlin] JWT Auth - Token validated successfully for user_id: 2
[01-Dec-2025 15:18:22 Europe/Berlin] Cart.php - Authenticated user_id: 2
[01-Dec-2025 15:18:22 Europe/Berlin] Cart.php - Action: list
[01-Dec-2025 15:18:22 Europe/Berlin] Cart.php - Data: []
[01-Dec-2025 15:18:22 Europe/Berlin] Cart.php - Request received: POST
[01-Dec-2025 15:18:22 Europe/Berlin] Cart.php - Request body: {}
[01-Dec-2025 15:18:22 Europe/Berlin] JWT Auth - Token received: YES
[01-Dec-2025 15:18:22 Europe/Berlin] JWT Auth - Token validated successfully for user_id: 2
[01-Dec-2025 15:18:22 Europe/Berlin] Cart.php - Authenticated user_id: 2
[01-Dec-2025 15:18:22 Europe/Berlin] Cart.php - Action: list
[01-Dec-2025 15:18:22 Europe/Berlin] Cart.php - Data: []
[01-Dec-2025 15:18:22 Europe/Berlin] Cart.php - Request received: POST
[01-Dec-2025 15:18:22 Europe/Berlin] Cart.php - Request body: {}
[01-Dec-2025 15:18:22 Europe/Berlin] JWT Auth - Token received: YES
[01-Dec-2025 15:18:22 Europe/Berlin] JWT Auth - Token validated successfully for user_id: 2
[01-Dec-2025 15:18:22 Europe/Berlin] Cart.php - Authenticated user_id: 2
[01-Dec-2025 15:18:22 Europe/Berlin] Cart.php - Action: list
[01-Dec-2025 15:18:22 Europe/Berlin] Cart.php - Data: []
[01-Dec-2025 15:18:26 Europe/Berlin] Cart.php - Request received: POST
[01-Dec-2025 15:18:26 Europe/Berlin] Cart.php - Request body: {}
[01-Dec-2025 15:18:26 Europe/Berlin] JWT Auth - Token received: YES
[01-Dec-2025 15:18:26 Europe/Berlin] JWT Auth - Token validated successfully for user_id: 2
[01-Dec-2025 15:18:26 Europe/Berlin] Cart.php - Authenticated user_id: 2
[01-Dec-2025 15:18:26 Europe/Berlin] Cart.php - Action: list
[01-Dec-2025 15:18:26 Europe/Berlin] Cart.php - Data: []
[01-Dec-2025 15:18:27 Europe/Berlin] Cart.php - Request received: POST
[01-Dec-2025 15:18:27 Europe/Berlin] Cart.php - Request body: {}
[01-Dec-2025 15:18:27 Europe/Berlin] JWT Auth - Token received: YES
[01-Dec-2025 15:18:27 Europe/Berlin] JWT Auth - Token validated successfully for user_id: 2
[01-Dec-2025 15:18:27 Europe/Berlin] Cart.php - Authenticated user_id: 2
[01-Dec-2025 15:18:27 Europe/Berlin] Cart.php - Action: list
[01-Dec-2025 15:18:27 Europe/Berlin] Cart.php - Data: []
[01-Dec-2025 15:18:27 Europe/Berlin] Cart.php - Request received: POST
[01-Dec-2025 15:18:27 Europe/Berlin] Cart.php - Request body: {}
[01-Dec-2025 15:18:27 Europe/Berlin] JWT Auth - Token received: YES
[01-Dec-2025 15:18:27 Europe/Berlin] JWT Auth - Token validated successfully for user_id: 2
[01-Dec-2025 15:18:27 Europe/Berlin] Cart.php - Authenticated user_id: 2
[01-Dec-2025 15:18:27 Europe/Berlin] Cart.php - Action: list
[01-Dec-2025 15:18:27 Europe/Berlin] Cart.php - Data: []
[01-Dec-2025 15:18:27 Europe/Berlin] Cart.php - Request received: POST
[01-Dec-2025 15:18:27 Europe/Berlin] Cart.php - Request body: {}
[01-Dec-2025 15:18:27 Europe/Berlin] JWT Auth - Token received: YES
[01-Dec-2025 15:18:27 Europe/Berlin] JWT Auth - Token validated successfully for user_id: 2
[01-Dec-2025 15:18:27 Europe/Berlin] Cart.php - Authenticated user_id: 2
[01-Dec-2025 15:18:27 Europe/Berlin] Cart.php - Action: list
[01-Dec-2025 15:18:27 Europe/Berlin] Cart.php - Data: []
[01-Dec-2025 15:18:33 Europe/Berlin] Cart.php - Request received: POST
[01-Dec-2025 15:18:33 Europe/Berlin] Cart.php - Request body: {"action":"add","product_id":46,"quantity":1}
[01-Dec-2025 15:18:33 Europe/Berlin] JWT Auth - Token received: YES
[01-Dec-2025 15:18:33 Europe/Berlin] JWT Auth - Token validated successfully for user_id: 2
[01-Dec-2025 15:18:33 Europe/Berlin] Cart.php - Authenticated user_id: 2
[01-Dec-2025 15:18:33 Europe/Berlin] Cart.php - Action: add
[01-Dec-2025 15:18:33 Europe/Berlin] Cart.php - Data: {"action":"add","product_id":46,"quantity":1}
[01-Dec-2025 15:18:33 Europe/Berlin] Cart.php - Add action: product_id=46, quantity=1
[01-Dec-2025 15:18:33 Europe/Berlin] Cart.php - Checking if product already in cart for user 2
[01-Dec-2025 15:18:33 Europe/Berlin] Cart.php - Adding new product to cart
[01-Dec-2025 15:18:33 Europe/Berlin] Cart.php - Add action successful
[01-Dec-2025 15:18:34 Europe/Berlin] Cart.php - Request received: POST
[01-Dec-2025 15:18:34 Europe/Berlin] Cart.php - Request body: {}
[01-Dec-2025 15:18:34 Europe/Berlin] JWT Auth - Token received: YES
[01-Dec-2025 15:18:34 Europe/Berlin] JWT Auth - Token validated successfully for user_id: 2
[01-Dec-2025 15:18:34 Europe/Berlin] Cart.php - Authenticated user_id: 2
[01-Dec-2025 15:18:34 Europe/Berlin] Cart.php - Action: list
[01-Dec-2025 15:18:34 Europe/Berlin] Cart.php - Data: []
[01-Dec-2025 15:18:37 Europe/Berlin] Cart.php - Request received: POST
[01-Dec-2025 15:18:37 Europe/Berlin] Cart.php - Request body: {"action":"add","product_id":44,"quantity":1}
[01-Dec-2025 15:18:37 Europe/Berlin] JWT Auth - Token received: YES
[01-Dec-2025 15:18:37 Europe/Berlin] JWT Auth - Token validated successfully for user_id: 2
[01-Dec-2025 15:18:37 Europe/Berlin] Cart.php - Authenticated user_id: 2
[01-Dec-2025 15:18:37 Europe/Berlin] Cart.php - Action: add
[01-Dec-2025 15:18:37 Europe/Berlin] Cart.php - Data: {"action":"add","product_id":44,"quantity":1}
[01-Dec-2025 15:18:37 Europe/Berlin] Cart.php - Add action: product_id=44, quantity=1
[01-Dec-2025 15:18:37 Europe/Berlin] Cart.php - Checking if product already in cart for user 2
[01-Dec-2025 15:18:37 Europe/Berlin] Cart.php - Adding new product to cart
[01-Dec-2025 15:18:37 Europe/Berlin] Cart.php - Add action successful
[01-Dec-2025 15:18:38 Europe/Berlin] Cart.php - Request received: POST
[01-Dec-2025 15:18:38 Europe/Berlin] Cart.php - Request body: {}
[01-Dec-2025 15:18:38 Europe/Berlin] JWT Auth - Token received: YES
[01-Dec-2025 15:18:38 Europe/Berlin] JWT Auth - Token validated successfully for user_id: 2
[01-Dec-2025 15:18:38 Europe/Berlin] Cart.php - Authenticated user_id: 2
[01-Dec-2025 15:18:38 Europe/Berlin] Cart.php - Action: list
[01-Dec-2025 15:18:38 Europe/Berlin] Cart.php - Data: []
[01-Dec-2025 15:18:44 Europe/Berlin] Cart.php - Request received: POST
[01-Dec-2025 15:18:44 Europe/Berlin] Cart.php - Request body: {}
[01-Dec-2025 15:18:44 Europe/Berlin] JWT Auth - Token received: YES
[01-Dec-2025 15:18:44 Europe/Berlin] JWT Auth - Token validated successfully for user_id: 2
[01-Dec-2025 15:18:44 Europe/Berlin] Cart.php - Authenticated user_id: 2
[01-Dec-2025 15:18:44 Europe/Berlin] Cart.php - Action: list
[01-Dec-2025 15:18:44 Europe/Berlin] Cart.php - Data: []
[01-Dec-2025 15:19:56 Europe/Berlin] Cart.php - Request received: POST
[01-Dec-2025 15:19:56 Europe/Berlin] Cart.php - Request body: {}
[01-Dec-2025 15:19:56 Europe/Berlin] JWT Auth - Token received: YES
[01-Dec-2025 15:19:56 Europe/Berlin] JWT Auth - Token validated successfully for user_id: 2
[01-Dec-2025 15:19:56 Europe/Berlin] Cart.php - Authenticated user_id: 2
[01-Dec-2025 15:19:56 Europe/Berlin] Cart.php - Action: list
[01-Dec-2025 15:19:56 Europe/Berlin] Cart.php - Data: []
[01-Dec-2025 15:19:59 Europe/Berlin] Cart.php - Request received: POST
[01-Dec-2025 15:19:59 Europe/Berlin] Cart.php - Request body: {}
[01-Dec-2025 15:19:59 Europe/Berlin] JWT Auth - Token received: YES
[01-Dec-2025 15:19:59 Europe/Berlin] JWT Auth - Token validated successfully for user_id: 2
[01-Dec-2025 15:19:59 Europe/Berlin] Cart.php - Authenticated user_id: 2
[01-Dec-2025 15:19:59 Europe/Berlin] Cart.php - Action: list
[01-Dec-2025 15:19:59 Europe/Berlin] Cart.php - Data: []
[01-Dec-2025 15:29:33 Europe/Berlin] Cart.php - Request received: POST
[01-Dec-2025 15:29:33 Europe/Berlin] Cart.php - Request body: {"action":"add","product_id":46,"quantity":1}
[01-Dec-2025 15:29:33 Europe/Berlin] JWT Auth - Token received: YES
[01-Dec-2025 15:29:33 Europe/Berlin] JWT Auth - Token validated successfully for user_id: 2
[01-Dec-2025 15:29:33 Europe/Berlin] Cart.php - Authenticated user_id: 2
[01-Dec-2025 15:29:33 Europe/Berlin] Cart.php - Action: add
[01-Dec-2025 15:29:33 Europe/Berlin] Cart.php - Data: {"action":"add","product_id":46,"quantity":1}
[01-Dec-2025 15:29:33 Europe/Berlin] Cart.php - Add action: product_id=46, quantity=1
[01-Dec-2025 15:29:33 Europe/Berlin] Cart.php - Checking if product already in cart for user 2
[01-Dec-2025 15:29:33 Europe/Berlin] Cart.php - Adding new product to cart
[01-Dec-2025 15:29:33 Europe/Berlin] Cart.php - Add action successful
[01-Dec-2025 15:29:33 Europe/Berlin] Cart.php - Request received: POST
[01-Dec-2025 15:29:33 Europe/Berlin] Cart.php - Request body: {}
[01-Dec-2025 15:29:33 Europe/Berlin] JWT Auth - Token received: YES
[01-Dec-2025 15:29:33 Europe/Berlin] JWT Auth - Token validated successfully for user_id: 2
[01-Dec-2025 15:29:33 Europe/Berlin] Cart.php - Authenticated user_id: 2
[01-Dec-2025 15:29:33 Europe/Berlin] Cart.php - Action: list
[01-Dec-2025 15:29:33 Europe/Berlin] Cart.php - Data: []
[01-Dec-2025 15:29:36 Europe/Berlin] Cart.php - Request received: POST
[01-Dec-2025 15:29:36 Europe/Berlin] Cart.php - Request body: {"action":"add","product_id":43,"quantity":1}
[01-Dec-2025 15:29:36 Europe/Berlin] JWT Auth - Token received: YES
[01-Dec-2025 15:29:36 Europe/Berlin] JWT Auth - Token validated successfully for user_id: 2
[01-Dec-2025 15:29:36 Europe/Berlin] Cart.php - Authenticated user_id: 2
[01-Dec-2025 15:29:36 Europe/Berlin] Cart.php - Action: add
[01-Dec-2025 15:29:36 Europe/Berlin] Cart.php - Data: {"action":"add","product_id":43,"quantity":1}
[01-Dec-2025 15:29:36 Europe/Berlin] Cart.php - Add action: product_id=43, quantity=1
[01-Dec-2025 15:29:36 Europe/Berlin] Cart.php - Checking if product already in cart for user 2
[01-Dec-2025 15:29:36 Europe/Berlin] Cart.php - Adding new product to cart
[01-Dec-2025 15:29:36 Europe/Berlin] Cart.php - Add action successful
[01-Dec-2025 15:29:36 Europe/Berlin] Cart.php - Request received: POST
[01-Dec-2025 15:29:36 Europe/Berlin] Cart.php - Request body: {}
[01-Dec-2025 15:29:36 Europe/Berlin] JWT Auth - Token received: YES
[01-Dec-2025 15:29:36 Europe/Berlin] JWT Auth - Token validated successfully for user_id: 2
[01-Dec-2025 15:29:36 Europe/Berlin] Cart.php - Authenticated user_id: 2
[01-Dec-2025 15:29:36 Europe/Berlin] Cart.php - Action: list
[01-Dec-2025 15:29:36 Europe/Berlin] Cart.php - Data: []
[01-Dec-2025 15:34:32 Europe/Berlin] Cart.php - Request received: POST
[01-Dec-2025 15:34:32 Europe/Berlin] Cart.php - Request body: {"action":"add","product_id":46,"quantity":1}
[01-Dec-2025 15:34:32 Europe/Berlin] JWT Auth - Token received: YES
[01-Dec-2025 15:34:32 Europe/Berlin] JWT Auth - Token validated successfully for user_id: 2
[01-Dec-2025 15:34:32 Europe/Berlin] Cart.php - Authenticated user_id: 2
[01-Dec-2025 15:34:32 Europe/Berlin] Cart.php - Action: add
[01-Dec-2025 15:34:32 Europe/Berlin] Cart.php - Data: {"action":"add","product_id":46,"quantity":1}
[01-Dec-2025 15:34:32 Europe/Berlin] Cart.php - Add action: product_id=46, quantity=1
[01-Dec-2025 15:34:32 Europe/Berlin] Cart.php - Checking if product already in cart for user 2
[01-Dec-2025 15:34:32 Europe/Berlin] Cart.php - Product already in cart, updating quantity
[01-Dec-2025 15:34:32 Europe/Berlin] Cart.php - Add action successful
[01-Dec-2025 15:34:32 Europe/Berlin] Cart.php - Request received: POST
[01-Dec-2025 15:34:32 Europe/Berlin] Cart.php - Request body: {}
[01-Dec-2025 15:34:32 Europe/Berlin] JWT Auth - Token received: YES
[01-Dec-2025 15:34:32 Europe/Berlin] JWT Auth - Token validated successfully for user_id: 2
[01-Dec-2025 15:34:32 Europe/Berlin] Cart.php - Authenticated user_id: 2
[01-Dec-2025 15:34:32 Europe/Berlin] Cart.php - Action: list
[01-Dec-2025 15:34:32 Europe/Berlin] Cart.php - Data: []
[01-Dec-2025 15:34:42 Europe/Berlin] Cart.php - Request received: POST
[01-Dec-2025 15:34:42 Europe/Berlin] Cart.php - Request body: {"action":"add","product_id":37,"quantity":1}
[01-Dec-2025 15:34:42 Europe/Berlin] JWT Auth - Token received: YES
[01-Dec-2025 15:34:42 Europe/Berlin] JWT Auth - Token validated successfully for user_id: 2
[01-Dec-2025 15:34:42 Europe/Berlin] Cart.php - Authenticated user_id: 2
[01-Dec-2025 15:34:42 Europe/Berlin] Cart.php - Action: add
[01-Dec-2025 15:34:42 Europe/Berlin] Cart.php - Data: {"action":"add","product_id":37,"quantity":1}
[01-Dec-2025 15:34:42 Europe/Berlin] Cart.php - Add action: product_id=37, quantity=1
[01-Dec-2025 15:34:42 Europe/Berlin] Cart.php - Checking if product already in cart for user 2
[01-Dec-2025 15:34:42 Europe/Berlin] Cart.php - Adding new product to cart
[01-Dec-2025 15:34:42 Europe/Berlin] Cart.php - Add action successful
[01-Dec-2025 15:34:42 Europe/Berlin] Cart.php - Request received: POST
[01-Dec-2025 15:34:42 Europe/Berlin] Cart.php - Request body: {}
[01-Dec-2025 15:34:42 Europe/Berlin] JWT Auth - Token received: YES
[01-Dec-2025 15:34:42 Europe/Berlin] JWT Auth - Token validated successfully for user_id: 2
[01-Dec-2025 15:34:42 Europe/Berlin] Cart.php - Authenticated user_id: 2
[01-Dec-2025 15:34:42 Europe/Berlin] Cart.php - Action: list
[01-Dec-2025 15:34:42 Europe/Berlin] Cart.php - Data: []
[01-Dec-2025 15:40:39 Europe/Berlin] Cart.php - Request received: POST
[01-Dec-2025 15:40:39 Europe/Berlin] Cart.php - Request body: {"action":"add","product_id":46,"quantity":1}
[01-Dec-2025 15:40:39 Europe/Berlin] JWT Auth - Token received: YES
[01-Dec-2025 15:40:39 Europe/Berlin] JWT Auth - Token validated successfully for user_id: 2
[01-Dec-2025 15:40:39 Europe/Berlin] Cart.php - Authenticated user_id: 2
[01-Dec-2025 15:40:39 Europe/Berlin] Cart.php - Action: add
[01-Dec-2025 15:40:39 Europe/Berlin] Cart.php - Data: {"action":"add","product_id":46,"quantity":1}
[01-Dec-2025 15:40:39 Europe/Berlin] Cart.php - Add action: product_id=46, quantity=1
[01-Dec-2025 15:40:39 Europe/Berlin] Cart.php - Checking if product already in cart for user 2
[01-Dec-2025 15:40:39 Europe/Berlin] Cart.php - Product already in cart, updating quantity
[01-Dec-2025 15:40:39 Europe/Berlin] Cart.php - Add action successful
[01-Dec-2025 15:40:39 Europe/Berlin] Cart.php - Request received: POST
[01-Dec-2025 15:40:39 Europe/Berlin] Cart.php - Request body: {}
[01-Dec-2025 15:40:39 Europe/Berlin] JWT Auth - Token received: YES
[01-Dec-2025 15:40:39 Europe/Berlin] JWT Auth - Token validated successfully for user_id: 2
[01-Dec-2025 15:40:39 Europe/Berlin] Cart.php - Authenticated user_id: 2
[01-Dec-2025 15:40:39 Europe/Berlin] Cart.php - Action: list
[01-Dec-2025 15:40:39 Europe/Berlin] Cart.php - Data: []
[01-Dec-2025 15:40:41 Europe/Berlin] Cart.php - Request received: POST
[01-Dec-2025 15:40:41 Europe/Berlin] Cart.php - Request body: {"action":"add","product_id":44,"quantity":1}
[01-Dec-2025 15:40:41 Europe/Berlin] JWT Auth - Token received: YES
[01-Dec-2025 15:40:41 Europe/Berlin] JWT Auth - Token validated successfully for user_id: 2
[01-Dec-2025 15:40:41 Europe/Berlin] Cart.php - Authenticated user_id: 2
[01-Dec-2025 15:40:41 Europe/Berlin] Cart.php - Action: add
[01-Dec-2025 15:40:41 Europe/Berlin] Cart.php - Data: {"action":"add","product_id":44,"quantity":1}
[01-Dec-2025 15:40:41 Europe/Berlin] Cart.php - Add action: product_id=44, quantity=1
[01-Dec-2025 15:40:41 Europe/Berlin] Cart.php - Checking if product already in cart for user 2
[01-Dec-2025 15:40:41 Europe/Berlin] Cart.php - Adding new product to cart
[01-Dec-2025 15:40:41 Europe/Berlin] Cart.php - Add action successful
[01-Dec-2025 15:40:41 Europe/Berlin] Cart.php - Request received: POST
[01-Dec-2025 15:40:41 Europe/Berlin] Cart.php - Request body: {}
[01-Dec-2025 15:40:41 Europe/Berlin] JWT Auth - Token received: YES
[01-Dec-2025 15:40:41 Europe/Berlin] JWT Auth - Token validated successfully for user_id: 2
[01-Dec-2025 15:40:41 Europe/Berlin] Cart.php - Authenticated user_id: 2
[01-Dec-2025 15:40:41 Europe/Berlin] Cart.php - Action: list
[01-Dec-2025 15:40:41 Europe/Berlin] Cart.php - Data: []
[01-Dec-2025 15:50:26 Europe/Berlin] Cart.php - Request received: POST
[01-Dec-2025 15:50:26 Europe/Berlin] Cart.php - Request body: {"action":"add","product_id":46,"quantity":1}
[01-Dec-2025 15:50:26 Europe/Berlin] JWT Auth - Token received: YES
[01-Dec-2025 15:50:26 Europe/Berlin] JWT Auth - Token validated successfully for user_id: 2
[01-Dec-2025 15:50:26 Europe/Berlin] Cart.php - Authenticated user_id: 2
[01-Dec-2025 15:50:26 Europe/Berlin] Cart.php - Action: add
[01-Dec-2025 15:50:26 Europe/Berlin] Cart.php - Data: {"action":"add","product_id":46,"quantity":1}
[01-Dec-2025 15:50:26 Europe/Berlin] Cart.php - Add action: product_id=46, quantity=1
[01-Dec-2025 15:50:26 Europe/Berlin] Cart.php - Checking if product already in cart for user 2
[01-Dec-2025 15:50:26 Europe/Berlin] Cart.php - Adding new product to cart
[01-Dec-2025 15:50:26 Europe/Berlin] Cart.php - Add action successful
[01-Dec-2025 15:50:26 Europe/Berlin] Cart.php - Request received: POST
[01-Dec-2025 15:50:26 Europe/Berlin] Cart.php - Request body: {}
[01-Dec-2025 15:50:26 Europe/Berlin] JWT Auth - Token received: YES
[01-Dec-2025 15:50:26 Europe/Berlin] JWT Auth - Token validated successfully for user_id: 2
[01-Dec-2025 15:50:26 Europe/Berlin] Cart.php - Authenticated user_id: 2
[01-Dec-2025 15:50:26 Europe/Berlin] Cart.php - Action: list
[01-Dec-2025 15:50:26 Europe/Berlin] Cart.php - Data: []
[01-Dec-2025 15:50:28 Europe/Berlin] Cart.php - Request received: POST
[01-Dec-2025 15:50:28 Europe/Berlin] Cart.php - Request body: {"action":"add","product_id":44,"quantity":1}
[01-Dec-2025 15:50:28 Europe/Berlin] JWT Auth - Token received: YES
[01-Dec-2025 15:50:28 Europe/Berlin] JWT Auth - Token validated successfully for user_id: 2
[01-Dec-2025 15:50:28 Europe/Berlin] Cart.php - Authenticated user_id: 2
[01-Dec-2025 15:50:28 Europe/Berlin] Cart.php - Action: add
[01-Dec-2025 15:50:28 Europe/Berlin] Cart.php - Data: {"action":"add","product_id":44,"quantity":1}
[01-Dec-2025 15:50:28 Europe/Berlin] Cart.php - Add action: product_id=44, quantity=1
[01-Dec-2025 15:50:28 Europe/Berlin] Cart.php - Checking if product already in cart for user 2
[01-Dec-2025 15:50:28 Europe/Berlin] Cart.php - Adding new product to cart
[01-Dec-2025 15:50:28 Europe/Berlin] Cart.php - Add action successful
[01-Dec-2025 15:50:28 Europe/Berlin] Cart.php - Request received: POST
[01-Dec-2025 15:50:28 Europe/Berlin] Cart.php - Request body: {}
[01-Dec-2025 15:50:28 Europe/Berlin] JWT Auth - Token received: YES
[01-Dec-2025 15:50:28 Europe/Berlin] JWT Auth - Token validated successfully for user_id: 2
[01-Dec-2025 15:50:28 Europe/Berlin] Cart.php - Authenticated user_id: 2
[01-Dec-2025 15:50:28 Europe/Berlin] Cart.php - Action: list
[01-Dec-2025 15:50:28 Europe/Berlin] Cart.php - Data: []
[01-Dec-2025 15:50:34 Europe/Berlin] Cart.php - Request received: POST
[01-Dec-2025 15:50:34 Europe/Berlin] Cart.php - Request body: {"action":"update","product_id":44,"quantity":2}
[01-Dec-2025 15:50:34 Europe/Berlin] JWT Auth - Token received: YES
[01-Dec-2025 15:50:34 Europe/Berlin] JWT Auth - Token validated successfully for user_id: 2
[01-Dec-2025 15:50:34 Europe/Berlin] Cart.php - Authenticated user_id: 2
[01-Dec-2025 15:50:34 Europe/Berlin] Cart.php - Action: update
[01-Dec-2025 15:50:34 Europe/Berlin] Cart.php - Data: {"action":"update","product_id":44,"quantity":2}
[01-Dec-2025 15:50:40 Europe/Berlin] Cart.php - Request received: POST
[01-Dec-2025 15:50:40 Europe/Berlin] Cart.php - Request body: {"action":"update","product_id":46,"quantity":2}
[01-Dec-2025 15:50:40 Europe/Berlin] JWT Auth - Token received: YES
[01-Dec-2025 15:50:40 Europe/Berlin] JWT Auth - Token validated successfully for user_id: 2
[01-Dec-2025 15:50:40 Europe/Berlin] Cart.php - Authenticated user_id: 2
[01-Dec-2025 15:50:40 Europe/Berlin] Cart.php - Action: update
[01-Dec-2025 15:50:40 Europe/Berlin] Cart.php - Data: {"action":"update","product_id":46,"quantity":2}
[01-Dec-2025 15:52:32 Europe/Berlin] Cart.php - Request received: POST
[01-Dec-2025 15:52:32 Europe/Berlin] Cart.php - Request body: {}
[01-Dec-2025 15:52:32 Europe/Berlin] JWT Auth - Token received: YES
[01-Dec-2025 15:52:32 Europe/Berlin] JWT Auth - Token validated successfully for user_id: 2
[01-Dec-2025 15:52:32 Europe/Berlin] Cart.php - Authenticated user_id: 2
[01-Dec-2025 15:52:32 Europe/Berlin] Cart.php - Action: list
[01-Dec-2025 15:52:32 Europe/Berlin] Cart.php - Data: []
[01-Dec-2025 15:52:34 Europe/Berlin] Cart.php - Request received: POST
[01-Dec-2025 15:52:34 Europe/Berlin] Cart.php - Request body: {}
[01-Dec-2025 15:52:34 Europe/Berlin] JWT Auth - Token received: YES
[01-Dec-2025 15:52:34 Europe/Berlin] JWT Auth - Token validated successfully for user_id: 2
[01-Dec-2025 15:52:34 Europe/Berlin] Cart.php - Authenticated user_id: 2
[01-Dec-2025 15:52:34 Europe/Berlin] Cart.php - Action: list
[01-Dec-2025 15:52:34 Europe/Berlin] Cart.php - Data: []
[01-Dec-2025 15:52:43 Europe/Berlin] Cart.php - Request received: POST
[01-Dec-2025 15:52:43 Europe/Berlin] Cart.php - Request body: {"action":"add","product_id":46,"quantity":1}
[01-Dec-2025 15:52:43 Europe/Berlin] JWT Auth - Token received: YES
[01-Dec-2025 15:52:43 Europe/Berlin] JWT Auth - Token validated successfully for user_id: 2
[01-Dec-2025 15:52:43 Europe/Berlin] Cart.php - Authenticated user_id: 2
[01-Dec-2025 15:52:43 Europe/Berlin] Cart.php - Action: add
[01-Dec-2025 15:52:43 Europe/Berlin] Cart.php - Data: {"action":"add","product_id":46,"quantity":1}
[01-Dec-2025 15:52:43 Europe/Berlin] Cart.php - Add action: product_id=46, quantity=1
[01-Dec-2025 15:52:43 Europe/Berlin] Cart.php - Checking if product already in cart for user 2
[01-Dec-2025 15:52:43 Europe/Berlin] Cart.php - Adding new product to cart
[01-Dec-2025 15:52:43 Europe/Berlin] Cart.php - Add action successful
[01-Dec-2025 15:52:44 Europe/Berlin] Cart.php - Request received: POST
[01-Dec-2025 15:52:44 Europe/Berlin] Cart.php - Request body: {}
[01-Dec-2025 15:52:44 Europe/Berlin] JWT Auth - Token received: YES
[01-Dec-2025 15:52:44 Europe/Berlin] JWT Auth - Token validated successfully for user_id: 2
[01-Dec-2025 15:52:44 Europe/Berlin] Cart.php - Authenticated user_id: 2
[01-Dec-2025 15:52:44 Europe/Berlin] Cart.php - Action: list
[01-Dec-2025 15:52:44 Europe/Berlin] Cart.php - Data: []
[01-Dec-2025 15:52:48 Europe/Berlin] Cart.php - Request received: POST
[01-Dec-2025 15:52:48 Europe/Berlin] Cart.php - Request body: {"action":"add","product_id":45,"quantity":1}
[01-Dec-2025 15:52:48 Europe/Berlin] JWT Auth - Token received: YES
[01-Dec-2025 15:52:48 Europe/Berlin] JWT Auth - Token validated successfully for user_id: 2
[01-Dec-2025 15:52:48 Europe/Berlin] Cart.php - Authenticated user_id: 2
[01-Dec-2025 15:52:48 Europe/Berlin] Cart.php - Action: add
[01-Dec-2025 15:52:48 Europe/Berlin] Cart.php - Data: {"action":"add","product_id":45,"quantity":1}
[01-Dec-2025 15:52:48 Europe/Berlin] Cart.php - Add action: product_id=45, quantity=1
[01-Dec-2025 15:52:48 Europe/Berlin] Cart.php - Checking if product already in cart for user 2
[01-Dec-2025 15:52:48 Europe/Berlin] Cart.php - Adding new product to cart
[01-Dec-2025 15:52:48 Europe/Berlin] Cart.php - Add action successful
[01-Dec-2025 15:52:48 Europe/Berlin] Cart.php - Request received: POST
[01-Dec-2025 15:52:48 Europe/Berlin] Cart.php - Request body: {}
[01-Dec-2025 15:52:48 Europe/Berlin] JWT Auth - Token received: YES
[01-Dec-2025 15:52:48 Europe/Berlin] JWT Auth - Token validated successfully for user_id: 2
[01-Dec-2025 15:52:48 Europe/Berlin] Cart.php - Authenticated user_id: 2
[01-Dec-2025 15:52:48 Europe/Berlin] Cart.php - Action: list
[01-Dec-2025 15:52:48 Europe/Berlin] Cart.php - Data: []
[01-Dec-2025 15:57:41 Europe/Berlin] Cart.php - Request received: POST
[01-Dec-2025 15:57:41 Europe/Berlin] Cart.php - Request body: {}
[01-Dec-2025 15:57:41 Europe/Berlin] JWT Auth - Token received: YES
[01-Dec-2025 15:57:41 Europe/Berlin] JWT Auth - Token validated successfully for user_id: 2
[01-Dec-2025 15:57:41 Europe/Berlin] Cart.php - Authenticated user_id: 2
[01-Dec-2025 15:57:41 Europe/Berlin] Cart.php - Action: list
[01-Dec-2025 15:57:41 Europe/Berlin] Cart.php - Data: []
[01-Dec-2025 15:57:46 Europe/Berlin] Cart.php - Request received: POST
[01-Dec-2025 15:57:46 Europe/Berlin] Cart.php - Request body: {"action":"add","product_id":46,"quantity":1}
[01-Dec-2025 15:57:46 Europe/Berlin] JWT Auth - Token received: YES
[01-Dec-2025 15:57:46 Europe/Berlin] JWT Auth - Token validated successfully for user_id: 2
[01-Dec-2025 15:57:46 Europe/Berlin] Cart.php - Authenticated user_id: 2
[01-Dec-2025 15:57:46 Europe/Berlin] Cart.php - Action: add
[01-Dec-2025 15:57:46 Europe/Berlin] Cart.php - Data: {"action":"add","product_id":46,"quantity":1}
[01-Dec-2025 15:57:46 Europe/Berlin] Cart.php - Add action: product_id=46, quantity=1
[01-Dec-2025 15:57:46 Europe/Berlin] Cart.php - Checking if product already in cart for user 2
[01-Dec-2025 15:57:46 Europe/Berlin] Cart.php - Adding new product to cart
[01-Dec-2025 15:57:46 Europe/Berlin] Cart.php - Add action successful
[01-Dec-2025 15:57:46 Europe/Berlin] Cart.php - Request received: POST
[01-Dec-2025 15:57:46 Europe/Berlin] Cart.php - Request body: {}
[01-Dec-2025 15:57:46 Europe/Berlin] JWT Auth - Token received: YES
[01-Dec-2025 15:57:46 Europe/Berlin] JWT Auth - Token validated successfully for user_id: 2
[01-Dec-2025 15:57:46 Europe/Berlin] Cart.php - Authenticated user_id: 2
[01-Dec-2025 15:57:46 Europe/Berlin] Cart.php - Action: list
[01-Dec-2025 15:57:46 Europe/Berlin] Cart.php - Data: []
[01-Dec-2025 15:57:48 Europe/Berlin] Cart.php - Request received: POST
[01-Dec-2025 15:57:48 Europe/Berlin] Cart.php - Request body: {"action":"add","product_id":44,"quantity":1}
[01-Dec-2025 15:57:48 Europe/Berlin] JWT Auth - Token received: YES
[01-Dec-2025 15:57:48 Europe/Berlin] JWT Auth - Token validated successfully for user_id: 2
[01-Dec-2025 15:57:48 Europe/Berlin] Cart.php - Authenticated user_id: 2
[01-Dec-2025 15:57:48 Europe/Berlin] Cart.php - Action: add
[01-Dec-2025 15:57:48 Europe/Berlin] Cart.php - Data: {"action":"add","product_id":44,"quantity":1}
[01-Dec-2025 15:57:48 Europe/Berlin] Cart.php - Add action: product_id=44, quantity=1
[01-Dec-2025 15:57:48 Europe/Berlin] Cart.php - Checking if product already in cart for user 2
[01-Dec-2025 15:57:48 Europe/Berlin] Cart.php - Adding new product to cart
[01-Dec-2025 15:57:48 Europe/Berlin] Cart.php - Add action successful
[01-Dec-2025 15:57:48 Europe/Berlin] Cart.php - Request received: POST
[01-Dec-2025 15:57:48 Europe/Berlin] Cart.php - Request body: {}
[01-Dec-2025 15:57:48 Europe/Berlin] JWT Auth - Token received: YES
[01-Dec-2025 15:57:48 Europe/Berlin] JWT Auth - Token validated successfully for user_id: 2
[01-Dec-2025 15:57:48 Europe/Berlin] Cart.php - Authenticated user_id: 2
[01-Dec-2025 15:57:48 Europe/Berlin] Cart.php - Action: list
[01-Dec-2025 15:57:48 Europe/Berlin] Cart.php - Data: []
[01-Dec-2025 15:58:47 Europe/Berlin] Cart.php - Request received: POST
[01-Dec-2025 15:58:47 Europe/Berlin] Cart.php - Request body: {}
[01-Dec-2025 15:58:47 Europe/Berlin] JWT Auth - Token received: YES
[01-Dec-2025 15:58:47 Europe/Berlin] JWT Auth - Token validated successfully for user_id: 2
[01-Dec-2025 15:58:47 Europe/Berlin] Cart.php - Authenticated user_id: 2
[01-Dec-2025 15:58:47 Europe/Berlin] Cart.php - Action: list
[01-Dec-2025 15:58:47 Europe/Berlin] Cart.php - Data: []
[01-Dec-2025 15:58:58 Europe/Berlin] Cart.php - Request received: POST
[01-Dec-2025 15:58:58 Europe/Berlin] Cart.php - Request body: {"action":"add","product_id":46,"quantity":1}
[01-Dec-2025 15:58:58 Europe/Berlin] JWT Auth - Token received: YES
[01-Dec-2025 15:58:58 Europe/Berlin] JWT Auth - Token validated successfully for user_id: 2
[01-Dec-2025 15:58:58 Europe/Berlin] Cart.php - Authenticated user_id: 2
[01-Dec-2025 15:58:58 Europe/Berlin] Cart.php - Action: add
[01-Dec-2025 15:58:58 Europe/Berlin] Cart.php - Data: {"action":"add","product_id":46,"quantity":1}
[01-Dec-2025 15:58:58 Europe/Berlin] Cart.php - Add action: product_id=46, quantity=1
[01-Dec-2025 15:58:58 Europe/Berlin] Cart.php - Checking if product already in cart for user 2
[01-Dec-2025 15:58:58 Europe/Berlin] Cart.php - Adding new product to cart
[01-Dec-2025 15:58:58 Europe/Berlin] Cart.php - Add action successful
[01-Dec-2025 15:58:58 Europe/Berlin] Cart.php - Request received: POST
[01-Dec-2025 15:58:58 Europe/Berlin] Cart.php - Request body: {}
[01-Dec-2025 15:58:58 Europe/Berlin] JWT Auth - Token received: YES
[01-Dec-2025 15:58:58 Europe/Berlin] JWT Auth - Token validated successfully for user_id: 2
[01-Dec-2025 15:58:58 Europe/Berlin] Cart.php - Authenticated user_id: 2
[01-Dec-2025 15:58:58 Europe/Berlin] Cart.php - Action: list
[01-Dec-2025 15:58:58 Europe/Berlin] Cart.php - Data: []
[01-Dec-2025 15:59:03 Europe/Berlin] Cart.php - Request received: POST
[01-Dec-2025 15:59:03 Europe/Berlin] Cart.php - Request body: {"action":"add","product_id":35,"quantity":1}
[01-Dec-2025 15:59:03 Europe/Berlin] JWT Auth - Token received: YES
[01-Dec-2025 15:59:03 Europe/Berlin] JWT Auth - Token validated successfully for user_id: 2
[01-Dec-2025 15:59:03 Europe/Berlin] Cart.php - Authenticated user_id: 2
[01-Dec-2025 15:59:03 Europe/Berlin] Cart.php - Action: add
[01-Dec-2025 15:59:03 Europe/Berlin] Cart.php - Data: {"action":"add","product_id":35,"quantity":1}
[01-Dec-2025 15:59:03 Europe/Berlin] Cart.php - Add action: product_id=35, quantity=1
[01-Dec-2025 15:59:03 Europe/Berlin] Cart.php - Checking if product already in cart for user 2
[01-Dec-2025 15:59:03 Europe/Berlin] Cart.php - Adding new product to cart
[01-Dec-2025 15:59:03 Europe/Berlin] Cart.php - Add action successful
[01-Dec-2025 15:59:03 Europe/Berlin] Cart.php - Request received: POST
[01-Dec-2025 15:59:03 Europe/Berlin] Cart.php - Request body: {}
[01-Dec-2025 15:59:03 Europe/Berlin] JWT Auth - Token received: YES
[01-Dec-2025 15:59:03 Europe/Berlin] JWT Auth - Token validated successfully for user_id: 2
[01-Dec-2025 15:59:03 Europe/Berlin] Cart.php - Authenticated user_id: 2
[01-Dec-2025 15:59:03 Europe/Berlin] Cart.php - Action: list
[01-Dec-2025 15:59:03 Europe/Berlin] Cart.php - Data: []
[01-Dec-2025 15:59:08 Europe/Berlin] Cart.php - Request received: POST
[01-Dec-2025 15:59:08 Europe/Berlin] Cart.php - Request body: {"action":"add","product_id":33,"quantity":1}
[01-Dec-2025 15:59:08 Europe/Berlin] JWT Auth - Token received: YES
[01-Dec-2025 15:59:08 Europe/Berlin] JWT Auth - Token validated successfully for user_id: 2
[01-Dec-2025 15:59:08 Europe/Berlin] Cart.php - Authenticated user_id: 2
[01-Dec-2025 15:59:08 Europe/Berlin] Cart.php - Action: add
[01-Dec-2025 15:59:08 Europe/Berlin] Cart.php - Data: {"action":"add","product_id":33,"quantity":1}
[01-Dec-2025 15:59:08 Europe/Berlin] Cart.php - Add action: product_id=33, quantity=1
[01-Dec-2025 15:59:08 Europe/Berlin] Cart.php - Checking if product already in cart for user 2
[01-Dec-2025 15:59:08 Europe/Berlin] Cart.php - Adding new product to cart
[01-Dec-2025 15:59:08 Europe/Berlin] Cart.php - Add action successful
[01-Dec-2025 15:59:08 Europe/Berlin] Cart.php - Request received: POST
[01-Dec-2025 15:59:08 Europe/Berlin] Cart.php - Request body: {}
[01-Dec-2025 15:59:08 Europe/Berlin] JWT Auth - Token received: YES
[01-Dec-2025 15:59:08 Europe/Berlin] JWT Auth - Token validated successfully for user_id: 2
[01-Dec-2025 15:59:08 Europe/Berlin] Cart.php - Authenticated user_id: 2
[01-Dec-2025 15:59:08 Europe/Berlin] Cart.php - Action: list
[01-Dec-2025 15:59:08 Europe/Berlin] Cart.php - Data: []
[01-Dec-2025 15:59:13 Europe/Berlin] Cart.php - Request received: POST
[01-Dec-2025 15:59:13 Europe/Berlin] Cart.php - Request body: {"action":"add","product_id":8,"quantity":1}
[01-Dec-2025 15:59:13 Europe/Berlin] JWT Auth - Token received: YES
[01-Dec-2025 15:59:13 Europe/Berlin] JWT Auth - Token validated successfully for user_id: 2
[01-Dec-2025 15:59:13 Europe/Berlin] Cart.php - Authenticated user_id: 2
[01-Dec-2025 15:59:13 Europe/Berlin] Cart.php - Action: add
[01-Dec-2025 15:59:13 Europe/Berlin] Cart.php - Data: {"action":"add","product_id":8,"quantity":1}
[01-Dec-2025 15:59:13 Europe/Berlin] Cart.php - Add action: product_id=8, quantity=1
[01-Dec-2025 15:59:13 Europe/Berlin] Cart.php - Checking if product already in cart for user 2
[01-Dec-2025 15:59:13 Europe/Berlin] Cart.php - Adding new product to cart
[01-Dec-2025 15:59:13 Europe/Berlin] Cart.php - Add action successful
[01-Dec-2025 15:59:13 Europe/Berlin] Cart.php - Request received: POST
[01-Dec-2025 15:59:13 Europe/Berlin] Cart.php - Request body: {}
[01-Dec-2025 15:59:13 Europe/Berlin] JWT Auth - Token received: YES
[01-Dec-2025 15:59:13 Europe/Berlin] JWT Auth - Token validated successfully for user_id: 2
[01-Dec-2025 15:59:13 Europe/Berlin] Cart.php - Authenticated user_id: 2
[01-Dec-2025 15:59:13 Europe/Berlin] Cart.php - Action: list
[01-Dec-2025 15:59:13 Europe/Berlin] Cart.php - Data: []
[01-Dec-2025 16:04:31 Europe/Berlin] Cart.php - Request received: POST
[01-Dec-2025 16:04:31 Europe/Berlin] Cart.php - Request body: {}
[01-Dec-2025 16:04:31 Europe/Berlin] JWT Auth - Token received: YES
[01-Dec-2025 16:04:31 Europe/Berlin] JWT Auth - Token validated successfully for user_id: 2
[01-Dec-2025 16:04:31 Europe/Berlin] Cart.php - Authenticated user_id: 2
[01-Dec-2025 16:04:31 Europe/Berlin] Cart.php - Action: list
[01-Dec-2025 16:04:31 Europe/Berlin] Cart.php - Data: []
[01-Dec-2025 16:04:49 Europe/Berlin] Cart.php - Request received: POST
[01-Dec-2025 16:04:49 Europe/Berlin] Cart.php - Request body: {}
[01-Dec-2025 16:04:49 Europe/Berlin] JWT Auth - Token received: YES
[01-Dec-2025 16:04:49 Europe/Berlin] JWT Auth - Token validated successfully for user_id: 2
[01-Dec-2025 16:04:49 Europe/Berlin] Cart.php - Authenticated user_id: 2
[01-Dec-2025 16:04:49 Europe/Berlin] Cart.php - Action: list
[01-Dec-2025 16:04:49 Europe/Berlin] Cart.php - Data: []
[01-Dec-2025 16:05:02 Europe/Berlin] Cart.php - Request received: POST
[01-Dec-2025 16:05:02 Europe/Berlin] Cart.php - Request body: {"action":"add","product_id":46,"quantity":1}
[01-Dec-2025 16:05:02 Europe/Berlin] JWT Auth - Token received: YES
[01-Dec-2025 16:05:02 Europe/Berlin] JWT Auth - Token validated successfully for user_id: 2
[01-Dec-2025 16:05:02 Europe/Berlin] Cart.php - Authenticated user_id: 2
[01-Dec-2025 16:05:02 Europe/Berlin] Cart.php - Action: add
[01-Dec-2025 16:05:02 Europe/Berlin] Cart.php - Data: {"action":"add","product_id":46,"quantity":1}
[01-Dec-2025 16:05:02 Europe/Berlin] Cart.php - Add action: product_id=46, quantity=1
[01-Dec-2025 16:05:02 Europe/Berlin] Cart.php - Checking if product already in cart for user 2
[01-Dec-2025 16:05:02 Europe/Berlin] Cart.php - Adding new product to cart
[01-Dec-2025 16:05:02 Europe/Berlin] Cart.php - Add action successful
[01-Dec-2025 16:05:02 Europe/Berlin] Cart.php - Request received: POST
[01-Dec-2025 16:05:02 Europe/Berlin] Cart.php - Request body: {}
[01-Dec-2025 16:05:02 Europe/Berlin] JWT Auth - Token received: YES
[01-Dec-2025 16:05:02 Europe/Berlin] JWT Auth - Token validated successfully for user_id: 2
[01-Dec-2025 16:05:02 Europe/Berlin] Cart.php - Authenticated user_id: 2
[01-Dec-2025 16:05:02 Europe/Berlin] Cart.php - Action: list
[01-Dec-2025 16:05:02 Europe/Berlin] Cart.php - Data: []
[01-Dec-2025 16:05:04 Europe/Berlin] Cart.php - Request received: POST
[01-Dec-2025 16:05:04 Europe/Berlin] Cart.php - Request body: {"action":"add","product_id":44,"quantity":1}
[01-Dec-2025 16:05:04 Europe/Berlin] JWT Auth - Token received: YES
[01-Dec-2025 16:05:04 Europe/Berlin] JWT Auth - Token validated successfully for user_id: 2
[01-Dec-2025 16:05:04 Europe/Berlin] Cart.php - Authenticated user_id: 2
[01-Dec-2025 16:05:04 Europe/Berlin] Cart.php - Action: add
[01-Dec-2025 16:05:04 Europe/Berlin] Cart.php - Data: {"action":"add","product_id":44,"quantity":1}
[01-Dec-2025 16:05:04 Europe/Berlin] Cart.php - Add action: product_id=44, quantity=1
[01-Dec-2025 16:05:04 Europe/Berlin] Cart.php - Checking if product already in cart for user 2
[01-Dec-2025 16:05:04 Europe/Berlin] Cart.php - Adding new product to cart
[01-Dec-2025 16:05:04 Europe/Berlin] Cart.php - Add action successful
[01-Dec-2025 16:05:04 Europe/Berlin] Cart.php - Request received: POST
[01-Dec-2025 16:05:04 Europe/Berlin] Cart.php - Request body: {}
[01-Dec-2025 16:05:04 Europe/Berlin] JWT Auth - Token received: YES
[01-Dec-2025 16:05:04 Europe/Berlin] JWT Auth - Token validated successfully for user_id: 2
[01-Dec-2025 16:05:04 Europe/Berlin] Cart.php - Authenticated user_id: 2
[01-Dec-2025 16:05:04 Europe/Berlin] Cart.php - Action: list
[01-Dec-2025 16:05:04 Europe/Berlin] Cart.php - Data: []
[01-Dec-2025 16:15:57 Europe/Berlin] Cart.php - Request received: POST
[01-Dec-2025 16:15:57 Europe/Berlin] Cart.php - Request body: {"action":"add","product_id":46,"quantity":1}
[01-Dec-2025 16:15:57 Europe/Berlin] JWT Auth - Token received: YES
[01-Dec-2025 16:15:57 Europe/Berlin] JWT Auth - Token validated successfully for user_id: 2
[01-Dec-2025 16:15:57 Europe/Berlin] Cart.php - Authenticated user_id: 2
[01-Dec-2025 16:15:57 Europe/Berlin] Cart.php - Action: add
[01-Dec-2025 16:15:57 Europe/Berlin] Cart.php - Data: {"action":"add","product_id":46,"quantity":1}
[01-Dec-2025 16:15:57 Europe/Berlin] Cart.php - Add action: product_id=46, quantity=1
[01-Dec-2025 16:15:57 Europe/Berlin] Cart.php - Checking if product already in cart for user 2
[01-Dec-2025 16:15:57 Europe/Berlin] Cart.php - Adding new product to cart
[01-Dec-2025 16:15:57 Europe/Berlin] Cart.php - Add action successful
[01-Dec-2025 16:15:57 Europe/Berlin] Cart.php - Request received: POST
[01-Dec-2025 16:15:57 Europe/Berlin] Cart.php - Request body: {}
[01-Dec-2025 16:15:57 Europe/Berlin] JWT Auth - Token received: YES
[01-Dec-2025 16:15:57 Europe/Berlin] JWT Auth - Token validated successfully for user_id: 2
[01-Dec-2025 16:15:57 Europe/Berlin] Cart.php - Authenticated user_id: 2
[01-Dec-2025 16:15:57 Europe/Berlin] Cart.php - Action: list
[01-Dec-2025 16:15:57 Europe/Berlin] Cart.php - Data: []
[01-Dec-2025 16:15:58 Europe/Berlin] Cart.php - Request received: POST
[01-Dec-2025 16:15:58 Europe/Berlin] Cart.php - Request body: {"action":"add","product_id":44,"quantity":1}
[01-Dec-2025 16:15:58 Europe/Berlin] JWT Auth - Token received: YES
[01-Dec-2025 16:15:58 Europe/Berlin] JWT Auth - Token validated successfully for user_id: 2
[01-Dec-2025 16:15:58 Europe/Berlin] Cart.php - Authenticated user_id: 2
[01-Dec-2025 16:15:58 Europe/Berlin] Cart.php - Action: add
[01-Dec-2025 16:15:58 Europe/Berlin] Cart.php - Data: {"action":"add","product_id":44,"quantity":1}
[01-Dec-2025 16:15:58 Europe/Berlin] Cart.php - Add action: product_id=44, quantity=1
[01-Dec-2025 16:15:58 Europe/Berlin] Cart.php - Checking if product already in cart for user 2
[01-Dec-2025 16:15:58 Europe/Berlin] Cart.php - Adding new product to cart
[01-Dec-2025 16:15:58 Europe/Berlin] Cart.php - Add action successful
[01-Dec-2025 16:15:58 Europe/Berlin] Cart.php - Request received: POST
[01-Dec-2025 16:15:58 Europe/Berlin] Cart.php - Request body: {}
[01-Dec-2025 16:15:58 Europe/Berlin] JWT Auth - Token received: YES
[01-Dec-2025 16:15:58 Europe/Berlin] JWT Auth - Token validated successfully for user_id: 2
[01-Dec-2025 16:15:58 Europe/Berlin] Cart.php - Authenticated user_id: 2
[01-Dec-2025 16:15:58 Europe/Berlin] Cart.php - Action: list
[01-Dec-2025 16:15:58 Europe/Berlin] Cart.php - Data: []
[01-Dec-2025 16:16:01 Europe/Berlin] Cart.php - Request received: POST
[01-Dec-2025 16:16:01 Europe/Berlin] Cart.php - Request body: {"action":"add","product_id":41,"quantity":1}
[01-Dec-2025 16:16:01 Europe/Berlin] JWT Auth - Token received: YES
[01-Dec-2025 16:16:01 Europe/Berlin] JWT Auth - Token validated successfully for user_id: 2
[01-Dec-2025 16:16:01 Europe/Berlin] Cart.php - Authenticated user_id: 2
[01-Dec-2025 16:16:01 Europe/Berlin] Cart.php - Action: add
[01-Dec-2025 16:16:01 Europe/Berlin] Cart.php - Data: {"action":"add","product_id":41,"quantity":1}
[01-Dec-2025 16:16:01 Europe/Berlin] Cart.php - Add action: product_id=41, quantity=1
[01-Dec-2025 16:16:01 Europe/Berlin] Cart.php - Checking if product already in cart for user 2
[01-Dec-2025 16:16:01 Europe/Berlin] Cart.php - Adding new product to cart
[01-Dec-2025 16:16:01 Europe/Berlin] Cart.php - Add action successful
[01-Dec-2025 16:16:01 Europe/Berlin] Cart.php - Request received: POST
[01-Dec-2025 16:16:01 Europe/Berlin] Cart.php - Request body: {}
[01-Dec-2025 16:16:01 Europe/Berlin] JWT Auth - Token received: YES
[01-Dec-2025 16:16:01 Europe/Berlin] JWT Auth - Token validated successfully for user_id: 2
[01-Dec-2025 16:16:01 Europe/Berlin] Cart.php - Authenticated user_id: 2
[01-Dec-2025 16:16:01 Europe/Berlin] Cart.php - Action: list
[01-Dec-2025 16:16:01 Europe/Berlin] Cart.php - Data: []
[01-Dec-2025 18:19:47 Europe/Berlin] Cart.php - Request received: POST
[01-Dec-2025 18:19:47 Europe/Berlin] Cart.php - Request body: {"action":"add","product_id":45,"quantity":1}
[01-Dec-2025 18:19:47 Europe/Berlin] JWT Auth - Token received: YES
[01-Dec-2025 18:19:47 Europe/Berlin] JWT Auth - Token validated successfully for user_id: 2
[01-Dec-2025 18:19:47 Europe/Berlin] Cart.php - Authenticated user_id: 2
[01-Dec-2025 18:19:47 Europe/Berlin] Cart.php - Action: add
[01-Dec-2025 18:19:47 Europe/Berlin] Cart.php - Data: {"action":"add","product_id":45,"quantity":1}
[01-Dec-2025 18:19:47 Europe/Berlin] Cart.php - Add action: product_id=45, quantity=1
[01-Dec-2025 18:19:47 Europe/Berlin] Cart.php - Checking if product already in cart for user 2
[01-Dec-2025 18:19:47 Europe/Berlin] Cart.php - Adding new product to cart
[01-Dec-2025 18:19:47 Europe/Berlin] Cart.php - Add action successful
[01-Dec-2025 18:19:47 Europe/Berlin] Cart.php - Request received: POST
[01-Dec-2025 18:19:47 Europe/Berlin] Cart.php - Request body: {}
[01-Dec-2025 18:19:47 Europe/Berlin] JWT Auth - Token received: YES
[01-Dec-2025 18:19:47 Europe/Berlin] JWT Auth - Token validated successfully for user_id: 2
[01-Dec-2025 18:19:47 Europe/Berlin] Cart.php - Authenticated user_id: 2
[01-Dec-2025 18:19:47 Europe/Berlin] Cart.php - Action: list
[01-Dec-2025 18:19:47 Europe/Berlin] Cart.php - Data: []
[01-Dec-2025 18:19:50 Europe/Berlin] Cart.php - Request received: POST
[01-Dec-2025 18:19:50 Europe/Berlin] Cart.php - Request body: {"action":"add","product_id":46,"quantity":1}
[01-Dec-2025 18:19:50 Europe/Berlin] JWT Auth - Token received: YES
[01-Dec-2025 18:19:50 Europe/Berlin] JWT Auth - Token validated successfully for user_id: 2
[01-Dec-2025 18:19:50 Europe/Berlin] Cart.php - Authenticated user_id: 2
[01-Dec-2025 18:19:50 Europe/Berlin] Cart.php - Action: add
[01-Dec-2025 18:19:50 Europe/Berlin] Cart.php - Data: {"action":"add","product_id":46,"quantity":1}
[01-Dec-2025 18:19:50 Europe/Berlin] Cart.php - Add action: product_id=46, quantity=1
[01-Dec-2025 18:19:50 Europe/Berlin] Cart.php - Checking if product already in cart for user 2
[01-Dec-2025 18:19:50 Europe/Berlin] Cart.php - Adding new product to cart
[01-Dec-2025 18:19:50 Europe/Berlin] Cart.php - Add action successful
[01-Dec-2025 18:19:50 Europe/Berlin] Cart.php - Request received: POST
[01-Dec-2025 18:19:50 Europe/Berlin] Cart.php - Request body: {}
[01-Dec-2025 18:19:50 Europe/Berlin] JWT Auth - Token received: YES
[01-Dec-2025 18:19:50 Europe/Berlin] JWT Auth - Token validated successfully for user_id: 2
[01-Dec-2025 18:19:50 Europe/Berlin] Cart.php - Authenticated user_id: 2
[01-Dec-2025 18:19:50 Europe/Berlin] Cart.php - Action: list
[01-Dec-2025 18:19:50 Europe/Berlin] Cart.php - Data: []
[01-Dec-2025 18:20:30 Europe/Berlin] Cart.php - Request received: POST
[01-Dec-2025 18:20:30 Europe/Berlin] Cart.php - Request body: {}
[01-Dec-2025 18:20:30 Europe/Berlin] JWT Auth - Token received: YES
[01-Dec-2025 18:20:30 Europe/Berlin] JWT Auth - Token validated successfully for user_id: 2
[01-Dec-2025 18:20:30 Europe/Berlin] Cart.php - Authenticated user_id: 2
[01-Dec-2025 18:20:30 Europe/Berlin] Cart.php - Action: list
[01-Dec-2025 18:20:30 Europe/Berlin] Cart.php - Data: []
[01-Dec-2025 18:29:47 Europe/Berlin] Cart.php - Request received: POST
[01-Dec-2025 18:29:47 Europe/Berlin] Cart.php - Request body: {}
[01-Dec-2025 18:29:47 Europe/Berlin] JWT Auth - Token received: YES
[01-Dec-2025 18:29:47 Europe/Berlin] JWT Auth - Token validated successfully for user_id: 2
[01-Dec-2025 18:29:47 Europe/Berlin] Cart.php - Authenticated user_id: 2
[01-Dec-2025 18:29:47 Europe/Berlin] Cart.php - Action: list
[01-Dec-2025 18:29:47 Europe/Berlin] Cart.php - Data: []
[01-Dec-2025 18:30:00 Europe/Berlin] Cart.php - Request received: POST
[01-Dec-2025 18:30:00 Europe/Berlin] Cart.php - Request body: {"action":"add","product_id":41,"quantity":1}
[01-Dec-2025 18:30:00 Europe/Berlin] JWT Auth - Token received: YES
[01-Dec-2025 18:30:00 Europe/Berlin] JWT Auth - Token validated successfully for user_id: 2
[01-Dec-2025 18:30:00 Europe/Berlin] Cart.php - Authenticated user_id: 2
[01-Dec-2025 18:30:00 Europe/Berlin] Cart.php - Action: add
[01-Dec-2025 18:30:00 Europe/Berlin] Cart.php - Data: {"action":"add","product_id":41,"quantity":1}
[01-Dec-2025 18:30:00 Europe/Berlin] Cart.php - Add action: product_id=41, quantity=1
[01-Dec-2025 18:30:00 Europe/Berlin] Cart.php - Checking if product already in cart for user 2
[01-Dec-2025 18:30:00 Europe/Berlin] Cart.php - Adding new product to cart
[01-Dec-2025 18:30:00 Europe/Berlin] Cart.php - Add action successful
[01-Dec-2025 18:30:00 Europe/Berlin] Cart.php - Request received: POST
[01-Dec-2025 18:30:00 Europe/Berlin] Cart.php - Request body: {}
[01-Dec-2025 18:30:00 Europe/Berlin] JWT Auth - Token received: YES
[01-Dec-2025 18:30:00 Europe/Berlin] JWT Auth - Token validated successfully for user_id: 2
[01-Dec-2025 18:30:00 Europe/Berlin] Cart.php - Authenticated user_id: 2
[01-Dec-2025 18:30:00 Europe/Berlin] Cart.php - Action: list
[01-Dec-2025 18:30:00 Europe/Berlin] Cart.php - Data: []
[01-Dec-2025 18:30:01 Europe/Berlin] Cart.php - Request received: POST
[01-Dec-2025 18:30:01 Europe/Berlin] Cart.php - Request body: {"action":"add","product_id":42,"quantity":1}
[01-Dec-2025 18:30:01 Europe/Berlin] JWT Auth - Token received: YES
[01-Dec-2025 18:30:01 Europe/Berlin] JWT Auth - Token validated successfully for user_id: 2
[01-Dec-2025 18:30:01 Europe/Berlin] Cart.php - Authenticated user_id: 2
[01-Dec-2025 18:30:01 Europe/Berlin] Cart.php - Action: add
[01-Dec-2025 18:30:01 Europe/Berlin] Cart.php - Data: {"action":"add","product_id":42,"quantity":1}
[01-Dec-2025 18:30:01 Europe/Berlin] Cart.php - Add action: product_id=42, quantity=1
[01-Dec-2025 18:30:01 Europe/Berlin] Cart.php - Checking if product already in cart for user 2
[01-Dec-2025 18:30:01 Europe/Berlin] Cart.php - Adding new product to cart
[01-Dec-2025 18:30:01 Europe/Berlin] Cart.php - Add action successful
[01-Dec-2025 18:30:01 Europe/Berlin] Cart.php - Request received: POST
[01-Dec-2025 18:30:01 Europe/Berlin] Cart.php - Request body: {}
[01-Dec-2025 18:30:01 Europe/Berlin] JWT Auth - Token received: YES
[01-Dec-2025 18:30:01 Europe/Berlin] JWT Auth - Token validated successfully for user_id: 2
[01-Dec-2025 18:30:01 Europe/Berlin] Cart.php - Authenticated user_id: 2
[01-Dec-2025 18:30:01 Europe/Berlin] Cart.php - Action: list
[01-Dec-2025 18:30:01 Europe/Berlin] Cart.php - Data: []
[01-Dec-2025 18:32:25 Europe/Berlin] Cart.php - Request received: POST
[01-Dec-2025 18:32:25 Europe/Berlin] Cart.php - Request body: {}
[01-Dec-2025 18:32:25 Europe/Berlin] JWT Auth - Token received: YES
[01-Dec-2025 18:32:25 Europe/Berlin] JWT Auth - Token validated successfully for user_id: 1
[01-Dec-2025 18:32:25 Europe/Berlin] Cart.php - Authenticated user_id: 1
[01-Dec-2025 18:32:25 Europe/Berlin] Cart.php - Action: list
[01-Dec-2025 18:32:25 Europe/Berlin] Cart.php - Data: []
[01-Dec-2025 18:33:05 Europe/Berlin] Cart.php - Request received: POST
[01-Dec-2025 18:33:05 Europe/Berlin] Cart.php - Request received: POST
[01-Dec-2025 18:33:05 Europe/Berlin] Cart.php - Request body: {}
[01-Dec-2025 18:33:05 Europe/Berlin] Cart.php - Request body: {}
[01-Dec-2025 18:33:05 Europe/Berlin] JWT Auth - Token received: YES
[01-Dec-2025 18:33:05 Europe/Berlin] JWT Auth - Token received: YES
[01-Dec-2025 18:33:05 Europe/Berlin] JWT Auth - Token validated successfully for user_id: 1
[01-Dec-2025 18:33:05 Europe/Berlin] JWT Auth - Token validated successfully for user_id: 1
[01-Dec-2025 18:33:05 Europe/Berlin] Cart.php - Authenticated user_id: 1
[01-Dec-2025 18:33:05 Europe/Berlin] Cart.php - Authenticated user_id: 1
[01-Dec-2025 18:33:05 Europe/Berlin] Cart.php - Action: list
[01-Dec-2025 18:33:05 Europe/Berlin] Cart.php - Action: list
[01-Dec-2025 18:33:05 Europe/Berlin] Cart.php - Data: []
[01-Dec-2025 18:33:05 Europe/Berlin] Cart.php - Data: []
[01-Dec-2025 18:54:04 Europe/Berlin] Cart.php - Request received: POST
[01-Dec-2025 18:54:04 Europe/Berlin] Cart.php - Request body: {"action":"add","product_id":46,"quantity":1}
[01-Dec-2025 18:54:04 Europe/Berlin] JWT Auth - Token received: YES
[01-Dec-2025 18:54:04 Europe/Berlin] JWT Auth - Token validated successfully for user_id: 2
[01-Dec-2025 18:54:04 Europe/Berlin] Cart.php - Authenticated user_id: 2
[01-Dec-2025 18:54:04 Europe/Berlin] Cart.php - Action: add
[01-Dec-2025 18:54:04 Europe/Berlin] Cart.php - Data: {"action":"add","product_id":46,"quantity":1}
[01-Dec-2025 18:54:04 Europe/Berlin] Cart.php - Add action: product_id=46, quantity=1
[01-Dec-2025 18:54:04 Europe/Berlin] Cart.php - Checking if product already in cart for user 2
[01-Dec-2025 18:54:04 Europe/Berlin] Cart.php - Adding new product to cart
[01-Dec-2025 18:54:04 Europe/Berlin] Cart.php - Add action successful
[01-Dec-2025 18:54:04 Europe/Berlin] Cart.php - Request received: POST
[01-Dec-2025 18:54:04 Europe/Berlin] Cart.php - Request body: {}
[01-Dec-2025 18:54:04 Europe/Berlin] JWT Auth - Token received: YES
[01-Dec-2025 18:54:04 Europe/Berlin] JWT Auth - Token validated successfully for user_id: 2
[01-Dec-2025 18:54:04 Europe/Berlin] Cart.php - Authenticated user_id: 2
[01-Dec-2025 18:54:04 Europe/Berlin] Cart.php - Action: list
[01-Dec-2025 18:54:04 Europe/Berlin] Cart.php - Data: []
[01-Dec-2025 18:54:10 Europe/Berlin] Cart.php - Request received: POST
[01-Dec-2025 18:54:10 Europe/Berlin] Cart.php - Request body: {"action":"add","product_id":45,"quantity":1}
[01-Dec-2025 18:54:10 Europe/Berlin] JWT Auth - Token received: YES
[01-Dec-2025 18:54:10 Europe/Berlin] JWT Auth - Token validated successfully for user_id: 2
[01-Dec-2025 18:54:10 Europe/Berlin] Cart.php - Authenticated user_id: 2
[01-Dec-2025 18:54:10 Europe/Berlin] Cart.php - Action: add
[01-Dec-2025 18:54:10 Europe/Berlin] Cart.php - Data: {"action":"add","product_id":45,"quantity":1}
[01-Dec-2025 18:54:10 Europe/Berlin] Cart.php - Add action: product_id=45, quantity=1
[01-Dec-2025 18:54:10 Europe/Berlin] Cart.php - Checking if product already in cart for user 2
[01-Dec-2025 18:54:10 Europe/Berlin] Cart.php - Adding new product to cart
[01-Dec-2025 18:54:10 Europe/Berlin] Cart.php - Add action successful
[01-Dec-2025 18:54:11 Europe/Berlin] Cart.php - Request received: POST
[01-Dec-2025 18:54:11 Europe/Berlin] Cart.php - Request body: {}
[01-Dec-2025 18:54:11 Europe/Berlin] JWT Auth - Token received: YES
[01-Dec-2025 18:54:11 Europe/Berlin] JWT Auth - Token validated successfully for user_id: 2
[01-Dec-2025 18:54:11 Europe/Berlin] Cart.php - Authenticated user_id: 2
[01-Dec-2025 18:54:11 Europe/Berlin] Cart.php - Action: list
[01-Dec-2025 18:54:11 Europe/Berlin] Cart.php - Data: []
[01-Dec-2025 18:55:29 Europe/Berlin] Cart.php - Request received: POST
[01-Dec-2025 18:55:29 Europe/Berlin] Cart.php - Request body: {}
[01-Dec-2025 18:55:29 Europe/Berlin] JWT Auth - Token received: YES
[01-Dec-2025 18:55:29 Europe/Berlin] JWT Auth - Token validated successfully for user_id: 1
[01-Dec-2025 18:55:29 Europe/Berlin] Cart.php - Authenticated user_id: 1
[01-Dec-2025 18:55:29 Europe/Berlin] Cart.php - Action: list
[01-Dec-2025 18:55:29 Europe/Berlin] Cart.php - Data: []
[01-Dec-2025 18:55:29 Europe/Berlin] Cart.php - Request received: POST
[01-Dec-2025 18:55:29 Europe/Berlin] Cart.php - Request body: {}
[01-Dec-2025 18:55:29 Europe/Berlin] JWT Auth - Token received: YES
[01-Dec-2025 18:55:29 Europe/Berlin] JWT Auth - Token validated successfully for user_id: 1
[01-Dec-2025 18:55:29 Europe/Berlin] Cart.php - Authenticated user_id: 1
[01-Dec-2025 18:55:29 Europe/Berlin] Cart.php - Action: list
[01-Dec-2025 18:55:29 Europe/Berlin] Cart.php - Data: []
[01-Dec-2025 18:56:20 Europe/Berlin] Cart.php - Request received: POST
[01-Dec-2025 18:56:20 Europe/Berlin] Cart.php - Request body: {}
[01-Dec-2025 18:56:20 Europe/Berlin] JWT Auth - Token received: YES
[01-Dec-2025 18:56:20 Europe/Berlin] JWT Auth - Token validated successfully for user_id: 1
[01-Dec-2025 18:56:20 Europe/Berlin] Cart.php - Authenticated user_id: 1
[01-Dec-2025 18:56:20 Europe/Berlin] Cart.php - Action: list
[01-Dec-2025 18:56:20 Europe/Berlin] Cart.php - Data: []
[01-Dec-2025 18:56:24 Europe/Berlin] Cart.php - Request received: POST
[01-Dec-2025 18:56:24 Europe/Berlin] Cart.php - Request body: {"action":"update","product_id":28,"quantity":2}
[01-Dec-2025 18:56:24 Europe/Berlin] JWT Auth - Token received: YES
[01-Dec-2025 18:56:24 Europe/Berlin] JWT Auth - Token validated successfully for user_id: 1
[01-Dec-2025 18:56:24 Europe/Berlin] Cart.php - Authenticated user_id: 1
[01-Dec-2025 18:56:24 Europe/Berlin] Cart.php - Action: update
[01-Dec-2025 18:56:24 Europe/Berlin] Cart.php - Data: {"action":"update","product_id":28,"quantity":2}
[01-Dec-2025 18:58:31 Europe/Berlin] Cart.php - Request received: POST
[01-Dec-2025 18:58:31 Europe/Berlin] Cart.php - Request body: {}
[01-Dec-2025 18:58:31 Europe/Berlin] JWT Auth - Token received: YES
[01-Dec-2025 18:58:31 Europe/Berlin] JWT Auth - Token validated successfully for user_id: 2
[01-Dec-2025 18:58:31 Europe/Berlin] Cart.php - Authenticated user_id: 2
[01-Dec-2025 18:58:31 Europe/Berlin] Cart.php - Action: list
[01-Dec-2025 18:58:31 Europe/Berlin] Cart.php - Data: []
[01-Dec-2025 18:58:40 Europe/Berlin] Cart.php - Request received: POST
[01-Dec-2025 18:58:40 Europe/Berlin] Cart.php - Request body: {"action":"add","product_id":46,"quantity":1}
[01-Dec-2025 18:58:40 Europe/Berlin] JWT Auth - Token received: YES
[01-Dec-2025 18:58:40 Europe/Berlin] JWT Auth - Token validated successfully for user_id: 2
[01-Dec-2025 18:58:40 Europe/Berlin] Cart.php - Authenticated user_id: 2
[01-Dec-2025 18:58:40 Europe/Berlin] Cart.php - Action: add
[01-Dec-2025 18:58:40 Europe/Berlin] Cart.php - Data: {"action":"add","product_id":46,"quantity":1}
[01-Dec-2025 18:58:40 Europe/Berlin] Cart.php - Add action: product_id=46, quantity=1
[01-Dec-2025 18:58:40 Europe/Berlin] Cart.php - Checking if product already in cart for user 2
[01-Dec-2025 18:58:40 Europe/Berlin] Cart.php - Adding new product to cart
[01-Dec-2025 18:58:40 Europe/Berlin] Cart.php - Add action successful
[01-Dec-2025 18:58:40 Europe/Berlin] Cart.php - Request received: POST
[01-Dec-2025 18:58:40 Europe/Berlin] Cart.php - Request body: {}
[01-Dec-2025 18:58:40 Europe/Berlin] JWT Auth - Token received: YES
[01-Dec-2025 18:58:40 Europe/Berlin] JWT Auth - Token validated successfully for user_id: 2
[01-Dec-2025 18:58:40 Europe/Berlin] Cart.php - Authenticated user_id: 2
[01-Dec-2025 18:58:40 Europe/Berlin] Cart.php - Action: list
[01-Dec-2025 18:58:40 Europe/Berlin] Cart.php - Data: []
[01-Dec-2025 18:58:43 Europe/Berlin] Cart.php - Request received: POST
[01-Dec-2025 18:58:43 Europe/Berlin] Cart.php - Request body: {"action":"add","product_id":45,"quantity":1}
[01-Dec-2025 18:58:43 Europe/Berlin] JWT Auth - Token received: YES
[01-Dec-2025 18:58:43 Europe/Berlin] JWT Auth - Token validated successfully for user_id: 2
[01-Dec-2025 18:58:43 Europe/Berlin] Cart.php - Authenticated user_id: 2
[01-Dec-2025 18:58:43 Europe/Berlin] Cart.php - Action: add
[01-Dec-2025 18:58:43 Europe/Berlin] Cart.php - Data: {"action":"add","product_id":45,"quantity":1}
[01-Dec-2025 18:58:43 Europe/Berlin] Cart.php - Add action: product_id=45, quantity=1
[01-Dec-2025 18:58:43 Europe/Berlin] Cart.php - Checking if product already in cart for user 2
[01-Dec-2025 18:58:43 Europe/Berlin] Cart.php - Adding new product to cart
[01-Dec-2025 18:58:43 Europe/Berlin] Cart.php - Add action successful
[01-Dec-2025 18:58:43 Europe/Berlin] Cart.php - Request received: POST
[01-Dec-2025 18:58:43 Europe/Berlin] Cart.php - Request body: {}
[01-Dec-2025 18:58:43 Europe/Berlin] JWT Auth - Token received: YES
[01-Dec-2025 18:58:43 Europe/Berlin] JWT Auth - Token validated successfully for user_id: 2
[01-Dec-2025 18:58:43 Europe/Berlin] Cart.php - Authenticated user_id: 2
[01-Dec-2025 18:58:43 Europe/Berlin] Cart.php - Action: list
[01-Dec-2025 18:58:43 Europe/Berlin] Cart.php - Data: []
[01-Dec-2025 18:59:35 Europe/Berlin] Cart.php - Request received: POST
[01-Dec-2025 18:59:35 Europe/Berlin] Cart.php - Request body: {}
[01-Dec-2025 18:59:35 Europe/Berlin] JWT Auth - Token received: YES
[01-Dec-2025 18:59:35 Europe/Berlin] JWT Auth - Token validated successfully for user_id: 2
[01-Dec-2025 18:59:35 Europe/Berlin] Cart.php - Authenticated user_id: 2
[01-Dec-2025 18:59:35 Europe/Berlin] Cart.php - Action: list
[01-Dec-2025 18:59:35 Europe/Berlin] Cart.php - Data: []
[01-Dec-2025 18:59:43 Europe/Berlin] Cart.php - Request received: POST
[01-Dec-2025 18:59:43 Europe/Berlin] Cart.php - Request body: {"action":"add","product_id":46,"quantity":1}
[01-Dec-2025 18:59:43 Europe/Berlin] JWT Auth - Token received: YES
[01-Dec-2025 18:59:43 Europe/Berlin] JWT Auth - Token validated successfully for user_id: 2
[01-Dec-2025 18:59:43 Europe/Berlin] Cart.php - Authenticated user_id: 2
[01-Dec-2025 18:59:43 Europe/Berlin] Cart.php - Action: add
[01-Dec-2025 18:59:43 Europe/Berlin] Cart.php - Data: {"action":"add","product_id":46,"quantity":1}
[01-Dec-2025 18:59:43 Europe/Berlin] Cart.php - Add action: product_id=46, quantity=1
[01-Dec-2025 18:59:43 Europe/Berlin] Cart.php - Checking if product already in cart for user 2
[01-Dec-2025 18:59:43 Europe/Berlin] Cart.php - Adding new product to cart
[01-Dec-2025 18:59:43 Europe/Berlin] Cart.php - Add action successful
[01-Dec-2025 18:59:43 Europe/Berlin] Cart.php - Request received: POST
[01-Dec-2025 18:59:43 Europe/Berlin] Cart.php - Request body: {"action":"add","product_id":46,"quantity":1}
[01-Dec-2025 18:59:43 Europe/Berlin] JWT Auth - Token received: YES
[01-Dec-2025 18:59:43 Europe/Berlin] JWT Auth - Token validated successfully for user_id: 2
[01-Dec-2025 18:59:43 Europe/Berlin] Cart.php - Authenticated user_id: 2
[01-Dec-2025 18:59:43 Europe/Berlin] Cart.php - Action: add
[01-Dec-2025 18:59:43 Europe/Berlin] Cart.php - Data: {"action":"add","product_id":46,"quantity":1}
[01-Dec-2025 18:59:43 Europe/Berlin] Cart.php - Add action: product_id=46, quantity=1
[01-Dec-2025 18:59:43 Europe/Berlin] Cart.php - Checking if product already in cart for user 2
[01-Dec-2025 18:59:43 Europe/Berlin] Cart.php - Product already in cart, updating quantity
[01-Dec-2025 18:59:43 Europe/Berlin] Cart.php - Add action successful
[01-Dec-2025 18:59:43 Europe/Berlin] Cart.php - Request received: POST
[01-Dec-2025 18:59:43 Europe/Berlin] Cart.php - Request body: {}
[01-Dec-2025 18:59:43 Europe/Berlin] JWT Auth - Token received: YES
[01-Dec-2025 18:59:43 Europe/Berlin] JWT Auth - Token validated successfully for user_id: 2
[01-Dec-2025 18:59:43 Europe/Berlin] Cart.php - Authenticated user_id: 2
[01-Dec-2025 18:59:43 Europe/Berlin] Cart.php - Action: list
[01-Dec-2025 18:59:43 Europe/Berlin] Cart.php - Data: []
[01-Dec-2025 18:59:44 Europe/Berlin] Cart.php - Request received: POST
[01-Dec-2025 18:59:44 Europe/Berlin] Cart.php - Request body: {}
[01-Dec-2025 18:59:44 Europe/Berlin] JWT Auth - Token received: YES
[01-Dec-2025 18:59:44 Europe/Berlin] JWT Auth - Token validated successfully for user_id: 2
[01-Dec-2025 18:59:44 Europe/Berlin] Cart.php - Authenticated user_id: 2
[01-Dec-2025 18:59:44 Europe/Berlin] Cart.php - Action: list
[01-Dec-2025 18:59:44 Europe/Berlin] Cart.php - Data: []
[01-Dec-2025 18:59:47 Europe/Berlin] Cart.php - Request received: POST
[01-Dec-2025 18:59:47 Europe/Berlin] Cart.php - Request body: {"action":"add","product_id":45,"quantity":1}
[01-Dec-2025 18:59:47 Europe/Berlin] JWT Auth - Token received: YES
[01-Dec-2025 18:59:47 Europe/Berlin] JWT Auth - Token validated successfully for user_id: 2
[01-Dec-2025 18:59:47 Europe/Berlin] Cart.php - Authenticated user_id: 2
[01-Dec-2025 18:59:47 Europe/Berlin] Cart.php - Action: add
[01-Dec-2025 18:59:47 Europe/Berlin] Cart.php - Data: {"action":"add","product_id":45,"quantity":1}
[01-Dec-2025 18:59:47 Europe/Berlin] Cart.php - Add action: product_id=45, quantity=1
[01-Dec-2025 18:59:47 Europe/Berlin] Cart.php - Checking if product already in cart for user 2
[01-Dec-2025 18:59:47 Europe/Berlin] Cart.php - Adding new product to cart
[01-Dec-2025 18:59:47 Europe/Berlin] Cart.php - Add action successful
[01-Dec-2025 18:59:47 Europe/Berlin] Cart.php - Request received: POST
[01-Dec-2025 18:59:47 Europe/Berlin] Cart.php - Request body: {}
[01-Dec-2025 18:59:47 Europe/Berlin] JWT Auth - Token received: YES
[01-Dec-2025 18:59:47 Europe/Berlin] JWT Auth - Token validated successfully for user_id: 2
[01-Dec-2025 18:59:47 Europe/Berlin] Cart.php - Authenticated user_id: 2
[01-Dec-2025 18:59:47 Europe/Berlin] Cart.php - Action: list
[01-Dec-2025 18:59:47 Europe/Berlin] Cart.php - Data: []
[01-Dec-2025 19:00:26 Europe/Berlin] Cart.php - Request received: POST
[01-Dec-2025 19:00:26 Europe/Berlin] Cart.php - Request body: {}
[01-Dec-2025 19:00:26 Europe/Berlin] JWT Auth - Token received: YES
[01-Dec-2025 19:00:26 Europe/Berlin] JWT Auth - Token validated successfully for user_id: 2
[01-Dec-2025 19:00:26 Europe/Berlin] Cart.php - Authenticated user_id: 2
[01-Dec-2025 19:00:26 Europe/Berlin] Cart.php - Action: list
[01-Dec-2025 19:00:26 Europe/Berlin] Cart.php - Data: []
[01-Dec-2025 19:00:32 Europe/Berlin] Cart.php - Request received: POST
[01-Dec-2025 19:00:32 Europe/Berlin] Cart.php - Request body: {"action":"add","product_id":46,"quantity":1}
[01-Dec-2025 19:00:32 Europe/Berlin] JWT Auth - Token received: YES
[01-Dec-2025 19:00:32 Europe/Berlin] JWT Auth - Token validated successfully for user_id: 2
[01-Dec-2025 19:00:32 Europe/Berlin] Cart.php - Authenticated user_id: 2
[01-Dec-2025 19:00:32 Europe/Berlin] Cart.php - Action: add
[01-Dec-2025 19:00:32 Europe/Berlin] Cart.php - Data: {"action":"add","product_id":46,"quantity":1}
[01-Dec-2025 19:00:32 Europe/Berlin] Cart.php - Add action: product_id=46, quantity=1
[01-Dec-2025 19:00:32 Europe/Berlin] Cart.php - Checking if product already in cart for user 2
[01-Dec-2025 19:00:32 Europe/Berlin] Cart.php - Adding new product to cart
[01-Dec-2025 19:00:32 Europe/Berlin] Cart.php - Add action successful
[01-Dec-2025 19:00:32 Europe/Berlin] Cart.php - Request received: POST
[01-Dec-2025 19:00:32 Europe/Berlin] Cart.php - Request body: {}
[01-Dec-2025 19:00:32 Europe/Berlin] JWT Auth - Token received: YES
[01-Dec-2025 19:00:32 Europe/Berlin] JWT Auth - Token validated successfully for user_id: 2
[01-Dec-2025 19:00:32 Europe/Berlin] Cart.php - Authenticated user_id: 2
[01-Dec-2025 19:00:32 Europe/Berlin] Cart.php - Action: list
[01-Dec-2025 19:00:32 Europe/Berlin] Cart.php - Data: []
[01-Dec-2025 19:00:38 Europe/Berlin] Cart.php - Request received: POST
[01-Dec-2025 19:00:38 Europe/Berlin] Cart.php - Request body: {"action":"add","product_id":45,"quantity":1}
[01-Dec-2025 19:00:38 Europe/Berlin] JWT Auth - Token received: YES
[01-Dec-2025 19:00:38 Europe/Berlin] JWT Auth - Token validated successfully for user_id: 2
[01-Dec-2025 19:00:38 Europe/Berlin] Cart.php - Authenticated user_id: 2
[01-Dec-2025 19:00:38 Europe/Berlin] Cart.php - Action: add
[01-Dec-2025 19:00:38 Europe/Berlin] Cart.php - Data: {"action":"add","product_id":45,"quantity":1}
[01-Dec-2025 19:00:38 Europe/Berlin] Cart.php - Add action: product_id=45, quantity=1
[01-Dec-2025 19:00:38 Europe/Berlin] Cart.php - Checking if product already in cart for user 2
[01-Dec-2025 19:00:38 Europe/Berlin] Cart.php - Adding new product to cart
[01-Dec-2025 19:00:38 Europe/Berlin] Cart.php - Add action successful
[01-Dec-2025 19:00:38 Europe/Berlin] Cart.php - Request received: POST
[01-Dec-2025 19:00:38 Europe/Berlin] Cart.php - Request body: {}
[01-Dec-2025 19:00:38 Europe/Berlin] JWT Auth - Token received: YES
[01-Dec-2025 19:00:38 Europe/Berlin] JWT Auth - Token validated successfully for user_id: 2
[01-Dec-2025 19:00:38 Europe/Berlin] Cart.php - Authenticated user_id: 2
[01-Dec-2025 19:00:38 Europe/Berlin] Cart.php - Action: list
[01-Dec-2025 19:00:38 Europe/Berlin] Cart.php - Data: []
[01-Dec-2025 19:01:37 Europe/Berlin] Cart.php - Request received: POST
[01-Dec-2025 19:01:37 Europe/Berlin] Cart.php - Request body: {"action":"add","product_id":46,"quantity":1}
[01-Dec-2025 19:01:37 Europe/Berlin] JWT Auth - Token received: YES
[01-Dec-2025 19:01:37 Europe/Berlin] JWT Auth - Token validated successfully for user_id: 2
[01-Dec-2025 19:01:37 Europe/Berlin] Cart.php - Authenticated user_id: 2
[01-Dec-2025 19:01:37 Europe/Berlin] Cart.php - Action: add
[01-Dec-2025 19:01:37 Europe/Berlin] Cart.php - Data: {"action":"add","product_id":46,"quantity":1}
[01-Dec-2025 19:01:37 Europe/Berlin] Cart.php - Add action: product_id=46, quantity=1
[01-Dec-2025 19:01:37 Europe/Berlin] Cart.php - Checking if product already in cart for user 2
[01-Dec-2025 19:01:37 Europe/Berlin] Cart.php - Adding new product to cart
[01-Dec-2025 19:01:37 Europe/Berlin] Cart.php - Add action successful
[01-Dec-2025 19:01:37 Europe/Berlin] Cart.php - Request received: POST
[01-Dec-2025 19:01:37 Europe/Berlin] Cart.php - Request body: {}
[01-Dec-2025 19:01:37 Europe/Berlin] JWT Auth - Token received: YES
[01-Dec-2025 19:01:37 Europe/Berlin] JWT Auth - Token validated successfully for user_id: 2
[01-Dec-2025 19:01:37 Europe/Berlin] Cart.php - Authenticated user_id: 2
[01-Dec-2025 19:01:37 Europe/Berlin] Cart.php - Action: list
[01-Dec-2025 19:01:37 Europe/Berlin] Cart.php - Data: []
[01-Dec-2025 19:01:44 Europe/Berlin] Cart.php - Request received: POST
[01-Dec-2025 19:01:44 Europe/Berlin] Cart.php - Request body: {"action":"add","product_id":45,"quantity":1}
[01-Dec-2025 19:01:44 Europe/Berlin] JWT Auth - Token received: YES
[01-Dec-2025 19:01:44 Europe/Berlin] JWT Auth - Token validated successfully for user_id: 2
[01-Dec-2025 19:01:44 Europe/Berlin] Cart.php - Authenticated user_id: 2
[01-Dec-2025 19:01:44 Europe/Berlin] Cart.php - Action: add
[01-Dec-2025 19:01:44 Europe/Berlin] Cart.php - Data: {"action":"add","product_id":45,"quantity":1}
[01-Dec-2025 19:01:44 Europe/Berlin] Cart.php - Add action: product_id=45, quantity=1
[01-Dec-2025 19:01:44 Europe/Berlin] Cart.php - Checking if product already in cart for user 2
[01-Dec-2025 19:01:44 Europe/Berlin] Cart.php - Adding new product to cart
[01-Dec-2025 19:01:44 Europe/Berlin] Cart.php - Add action successful
[01-Dec-2025 19:01:44 Europe/Berlin] Cart.php - Request received: POST
[01-Dec-2025 19:01:44 Europe/Berlin] Cart.php - Request body: {}
[01-Dec-2025 19:01:44 Europe/Berlin] JWT Auth - Token received: YES
[01-Dec-2025 19:01:44 Europe/Berlin] JWT Auth - Token validated successfully for user_id: 2
[01-Dec-2025 19:01:44 Europe/Berlin] Cart.php - Authenticated user_id: 2
[01-Dec-2025 19:01:44 Europe/Berlin] Cart.php - Action: list
[01-Dec-2025 19:01:44 Europe/Berlin] Cart.php - Data: []
[01-Dec-2025 19:08:05 Europe/Berlin] Cart.php - Request received: POST
[01-Dec-2025 19:08:05 Europe/Berlin] Cart.php - Request body: {}
[01-Dec-2025 19:08:05 Europe/Berlin] JWT Auth - Token received: YES
[01-Dec-2025 19:08:05 Europe/Berlin] JWT Auth - Token validated successfully for user_id: 2
[01-Dec-2025 19:08:05 Europe/Berlin] Cart.php - Authenticated user_id: 2
[01-Dec-2025 19:08:05 Europe/Berlin] Cart.php - Action: list
[01-Dec-2025 19:08:05 Europe/Berlin] Cart.php - Data: []
[01-Dec-2025 19:08:09 Europe/Berlin] Cart.php - Request received: POST
[01-Dec-2025 19:08:09 Europe/Berlin] Cart.php - Request body: {"action":"add","product_id":46,"quantity":1}
[01-Dec-2025 19:08:09 Europe/Berlin] JWT Auth - Token received: YES
[01-Dec-2025 19:08:09 Europe/Berlin] JWT Auth - Token validated successfully for user_id: 2
[01-Dec-2025 19:08:09 Europe/Berlin] Cart.php - Authenticated user_id: 2
[01-Dec-2025 19:08:09 Europe/Berlin] Cart.php - Action: add
[01-Dec-2025 19:08:09 Europe/Berlin] Cart.php - Data: {"action":"add","product_id":46,"quantity":1}
[01-Dec-2025 19:08:09 Europe/Berlin] Cart.php - Add action: product_id=46, quantity=1
[01-Dec-2025 19:08:09 Europe/Berlin] Cart.php - Checking if product already in cart for user 2
[01-Dec-2025 19:08:09 Europe/Berlin] Cart.php - Adding new product to cart
[01-Dec-2025 19:08:09 Europe/Berlin] Cart.php - Add action successful
[01-Dec-2025 19:08:10 Europe/Berlin] Cart.php - Request received: POST
[01-Dec-2025 19:08:10 Europe/Berlin] Cart.php - Request body: {}
[01-Dec-2025 19:08:10 Europe/Berlin] JWT Auth - Token received: YES
[01-Dec-2025 19:08:10 Europe/Berlin] JWT Auth - Token validated successfully for user_id: 2
[01-Dec-2025 19:08:10 Europe/Berlin] Cart.php - Authenticated user_id: 2
[01-Dec-2025 19:08:10 Europe/Berlin] Cart.php - Action: list
[01-Dec-2025 19:08:10 Europe/Berlin] Cart.php - Data: []
[01-Dec-2025 19:08:13 Europe/Berlin] Cart.php - Request received: POST
[01-Dec-2025 19:08:13 Europe/Berlin] Cart.php - Request body: {"action":"add","product_id":46,"quantity":1}
[01-Dec-2025 19:08:13 Europe/Berlin] JWT Auth - Token received: YES
[01-Dec-2025 19:08:13 Europe/Berlin] JWT Auth - Token validated successfully for user_id: 2
[01-Dec-2025 19:08:13 Europe/Berlin] Cart.php - Authenticated user_id: 2
[01-Dec-2025 19:08:13 Europe/Berlin] Cart.php - Action: add
[01-Dec-2025 19:08:13 Europe/Berlin] Cart.php - Data: {"action":"add","product_id":46,"quantity":1}
[01-Dec-2025 19:08:13 Europe/Berlin] Cart.php - Add action: product_id=46, quantity=1
[01-Dec-2025 19:08:13 Europe/Berlin] Cart.php - Checking if product already in cart for user 2
[01-Dec-2025 19:08:13 Europe/Berlin] Cart.php - Product already in cart, updating quantity
[01-Dec-2025 19:08:13 Europe/Berlin] Cart.php - Add action successful
[01-Dec-2025 19:08:14 Europe/Berlin] Cart.php - Request received: POST
[01-Dec-2025 19:08:14 Europe/Berlin] Cart.php - Request body: {}
[01-Dec-2025 19:08:14 Europe/Berlin] JWT Auth - Token received: YES
[01-Dec-2025 19:08:14 Europe/Berlin] JWT Auth - Token validated successfully for user_id: 2
[01-Dec-2025 19:08:14 Europe/Berlin] Cart.php - Authenticated user_id: 2
[01-Dec-2025 19:08:14 Europe/Berlin] Cart.php - Action: list
[01-Dec-2025 19:08:14 Europe/Berlin] Cart.php - Data: []
[01-Dec-2025 19:08:16 Europe/Berlin] Cart.php - Request received: POST
[01-Dec-2025 19:08:16 Europe/Berlin] Cart.php - Request body: {"action":"add","product_id":45,"quantity":1}
[01-Dec-2025 19:08:16 Europe/Berlin] JWT Auth - Token received: YES
[01-Dec-2025 19:08:16 Europe/Berlin] JWT Auth - Token validated successfully for user_id: 2
[01-Dec-2025 19:08:16 Europe/Berlin] Cart.php - Authenticated user_id: 2
[01-Dec-2025 19:08:16 Europe/Berlin] Cart.php - Action: add
[01-Dec-2025 19:08:16 Europe/Berlin] Cart.php - Data: {"action":"add","product_id":45,"quantity":1}
[01-Dec-2025 19:08:16 Europe/Berlin] Cart.php - Add action: product_id=45, quantity=1
[01-Dec-2025 19:08:16 Europe/Berlin] Cart.php - Checking if product already in cart for user 2
[01-Dec-2025 19:08:16 Europe/Berlin] Cart.php - Adding new product to cart
[01-Dec-2025 19:08:16 Europe/Berlin] Cart.php - Add action successful
[01-Dec-2025 19:08:17 Europe/Berlin] Cart.php - Request received: POST
[01-Dec-2025 19:08:17 Europe/Berlin] Cart.php - Request body: {}
[01-Dec-2025 19:08:17 Europe/Berlin] JWT Auth - Token received: YES
[01-Dec-2025 19:08:17 Europe/Berlin] JWT Auth - Token validated successfully for user_id: 2
[01-Dec-2025 19:08:17 Europe/Berlin] Cart.php - Authenticated user_id: 2
[01-Dec-2025 19:08:17 Europe/Berlin] Cart.php - Action: list
[01-Dec-2025 19:08:17 Europe/Berlin] Cart.php - Data: []
[01-Dec-2025 19:12:26 Europe/Berlin] Cart.php - Request received: POST
[01-Dec-2025 19:12:26 Europe/Berlin] Cart.php - Request body: {"action":"add","product_id":46,"quantity":1}
[01-Dec-2025 19:12:26 Europe/Berlin] JWT Auth - Token received: YES
[01-Dec-2025 19:12:26 Europe/Berlin] JWT Auth - Token validated successfully for user_id: 2
[01-Dec-2025 19:12:26 Europe/Berlin] Cart.php - Authenticated user_id: 2
[01-Dec-2025 19:12:26 Europe/Berlin] Cart.php - Action: add
[01-Dec-2025 19:12:26 Europe/Berlin] Cart.php - Data: {"action":"add","product_id":46,"quantity":1}
[01-Dec-2025 19:12:26 Europe/Berlin] Cart.php - Add action: product_id=46, quantity=1
[01-Dec-2025 19:12:26 Europe/Berlin] Cart.php - Checking if product already in cart for user 2
[01-Dec-2025 19:12:26 Europe/Berlin] Cart.php - Adding new product to cart
[01-Dec-2025 19:12:26 Europe/Berlin] Cart.php - Add action successful
[01-Dec-2025 19:12:27 Europe/Berlin] Cart.php - Request received: POST
[01-Dec-2025 19:12:27 Europe/Berlin] Cart.php - Request body: {}
[01-Dec-2025 19:12:27 Europe/Berlin] JWT Auth - Token received: YES
[01-Dec-2025 19:12:27 Europe/Berlin] JWT Auth - Token validated successfully for user_id: 2
[01-Dec-2025 19:12:27 Europe/Berlin] Cart.php - Authenticated user_id: 2
[01-Dec-2025 19:12:27 Europe/Berlin] Cart.php - Action: list
[01-Dec-2025 19:12:27 Europe/Berlin] Cart.php - Data: []
[01-Dec-2025 19:12:36 Europe/Berlin] Cart.php - Request received: POST
[01-Dec-2025 19:12:36 Europe/Berlin] Cart.php - Request body: {"action":"add","product_id":43,"quantity":1}
[01-Dec-2025 19:12:36 Europe/Berlin] JWT Auth - Token received: YES
[01-Dec-2025 19:12:36 Europe/Berlin] JWT Auth - Token validated successfully for user_id: 2
[01-Dec-2025 19:12:36 Europe/Berlin] Cart.php - Authenticated user_id: 2
[01-Dec-2025 19:12:36 Europe/Berlin] Cart.php - Action: add
[01-Dec-2025 19:12:36 Europe/Berlin] Cart.php - Data: {"action":"add","product_id":43,"quantity":1}
[01-Dec-2025 19:12:36 Europe/Berlin] Cart.php - Add action: product_id=43, quantity=1
[01-Dec-2025 19:12:36 Europe/Berlin] Cart.php - Checking if product already in cart for user 2
[01-Dec-2025 19:12:36 Europe/Berlin] Cart.php - Adding new product to cart
[01-Dec-2025 19:12:36 Europe/Berlin] Cart.php - Add action successful
[01-Dec-2025 19:12:37 Europe/Berlin] Cart.php - Request received: POST
[01-Dec-2025 19:12:37 Europe/Berlin] Cart.php - Request body: {}
[01-Dec-2025 19:12:37 Europe/Berlin] JWT Auth - Token received: YES
[01-Dec-2025 19:12:37 Europe/Berlin] JWT Auth - Token validated successfully for user_id: 2
[01-Dec-2025 19:12:37 Europe/Berlin] Cart.php - Authenticated user_id: 2
[01-Dec-2025 19:12:37 Europe/Berlin] Cart.php - Action: list
[01-Dec-2025 19:12:37 Europe/Berlin] Cart.php - Data: []
[01-Dec-2025 19:18:35 Europe/Berlin] Cart.php - Request received: POST
[01-Dec-2025 19:18:35 Europe/Berlin] Cart.php - Request body: {"action":"add","product_id":36,"quantity":1}
[01-Dec-2025 19:18:35 Europe/Berlin] JWT Auth - Token received: YES
[01-Dec-2025 19:18:35 Europe/Berlin] JWT Auth - Token validated successfully for user_id: 2
[01-Dec-2025 19:18:35 Europe/Berlin] Cart.php - Authenticated user_id: 2
[01-Dec-2025 19:18:35 Europe/Berlin] Cart.php - Action: add
[01-Dec-2025 19:18:35 Europe/Berlin] Cart.php - Data: {"action":"add","product_id":36,"quantity":1}
[01-Dec-2025 19:18:35 Europe/Berlin] Cart.php - Add action: product_id=36, quantity=1
[01-Dec-2025 19:18:35 Europe/Berlin] Cart.php - Checking if product already in cart for user 2
[01-Dec-2025 19:18:35 Europe/Berlin] Cart.php - Adding new product to cart
[01-Dec-2025 19:18:35 Europe/Berlin] Cart.php - Add action successful
[01-Dec-2025 19:18:36 Europe/Berlin] Cart.php - Request received: POST
[01-Dec-2025 19:18:36 Europe/Berlin] Cart.php - Request body: {}
[01-Dec-2025 19:18:36 Europe/Berlin] JWT Auth - Token received: YES
[01-Dec-2025 19:18:36 Europe/Berlin] JWT Auth - Token validated successfully for user_id: 2
[01-Dec-2025 19:18:36 Europe/Berlin] Cart.php - Authenticated user_id: 2
[01-Dec-2025 19:18:36 Europe/Berlin] Cart.php - Action: list
[01-Dec-2025 19:18:36 Europe/Berlin] Cart.php - Data: []
[01-Dec-2025 19:18:53 Europe/Berlin] Cart.php - Request received: POST
[01-Dec-2025 19:18:53 Europe/Berlin] Cart.php - Request body: {"action":"add","product_id":12,"quantity":1}
[01-Dec-2025 19:18:53 Europe/Berlin] JWT Auth - Token received: YES
[01-Dec-2025 19:18:53 Europe/Berlin] JWT Auth - Token validated successfully for user_id: 2
[01-Dec-2025 19:18:53 Europe/Berlin] Cart.php - Authenticated user_id: 2
[01-Dec-2025 19:18:53 Europe/Berlin] Cart.php - Action: add
[01-Dec-2025 19:18:53 Europe/Berlin] Cart.php - Data: {"action":"add","product_id":12,"quantity":1}
[01-Dec-2025 19:18:53 Europe/Berlin] Cart.php - Add action: product_id=12, quantity=1
[01-Dec-2025 19:18:53 Europe/Berlin] Cart.php - Checking if product already in cart for user 2
[01-Dec-2025 19:18:53 Europe/Berlin] Cart.php - Adding new product to cart
[01-Dec-2025 19:18:53 Europe/Berlin] Cart.php - Add action successful
[01-Dec-2025 19:18:54 Europe/Berlin] Cart.php - Request received: POST
[01-Dec-2025 19:18:54 Europe/Berlin] Cart.php - Request body: {}
[01-Dec-2025 19:18:54 Europe/Berlin] JWT Auth - Token received: YES
[01-Dec-2025 19:18:54 Europe/Berlin] JWT Auth - Token validated successfully for user_id: 2
[01-Dec-2025 19:18:54 Europe/Berlin] Cart.php - Authenticated user_id: 2
[01-Dec-2025 19:18:54 Europe/Berlin] Cart.php - Action: list
[01-Dec-2025 19:18:54 Europe/Berlin] Cart.php - Data: []
[01-Dec-2025 19:20:49 Europe/Berlin] Cart.php - Request received: POST
[01-Dec-2025 19:20:49 Europe/Berlin] Cart.php - Request body: {"action":"add","product_id":46,"quantity":1}
[01-Dec-2025 19:20:49 Europe/Berlin] JWT Auth - Token received: YES
[01-Dec-2025 19:20:49 Europe/Berlin] JWT Auth - Token validated successfully for user_id: 2
[01-Dec-2025 19:20:49 Europe/Berlin] Cart.php - Authenticated user_id: 2
[01-Dec-2025 19:20:49 Europe/Berlin] Cart.php - Action: add
[01-Dec-2025 19:20:49 Europe/Berlin] Cart.php - Data: {"action":"add","product_id":46,"quantity":1}
[01-Dec-2025 19:20:49 Europe/Berlin] Cart.php - Add action: product_id=46, quantity=1
[01-Dec-2025 19:20:49 Europe/Berlin] Cart.php - Checking if product already in cart for user 2
[01-Dec-2025 19:20:49 Europe/Berlin] Cart.php - Adding new product to cart
[01-Dec-2025 19:20:49 Europe/Berlin] Cart.php - Add action successful
[01-Dec-2025 19:20:50 Europe/Berlin] Cart.php - Request received: POST
[01-Dec-2025 19:20:50 Europe/Berlin] Cart.php - Request body: {}
[01-Dec-2025 19:20:50 Europe/Berlin] JWT Auth - Token received: YES
[01-Dec-2025 19:20:50 Europe/Berlin] JWT Auth - Token validated successfully for user_id: 2
[01-Dec-2025 19:20:50 Europe/Berlin] Cart.php - Authenticated user_id: 2
[01-Dec-2025 19:20:50 Europe/Berlin] Cart.php - Action: list
[01-Dec-2025 19:20:50 Europe/Berlin] Cart.php - Data: []
[01-Dec-2025 19:21:16 Europe/Berlin] Cart.php - Request received: POST
[01-Dec-2025 19:21:16 Europe/Berlin] Cart.php - Request body: {"action":"update","product_id":46,"quantity":2}
[01-Dec-2025 19:21:16 Europe/Berlin] JWT Auth - Token received: YES
[01-Dec-2025 19:21:16 Europe/Berlin] JWT Auth - Token validated successfully for user_id: 2
[01-Dec-2025 19:21:16 Europe/Berlin] Cart.php - Authenticated user_id: 2
[01-Dec-2025 19:21:16 Europe/Berlin] Cart.php - Action: update
[01-Dec-2025 19:21:16 Europe/Berlin] Cart.php - Data: {"action":"update","product_id":46,"quantity":2}
[01-Dec-2025 19:23:20 Europe/Berlin] Cart.php - Request received: POST
[01-Dec-2025 19:23:20 Europe/Berlin] Cart.php - Request body: {"action":"add","product_id":46,"quantity":1}
[01-Dec-2025 19:23:20 Europe/Berlin] JWT Auth - Token received: YES
[01-Dec-2025 19:23:20 Europe/Berlin] JWT Auth - Token validated successfully for user_id: 2
[01-Dec-2025 19:23:20 Europe/Berlin] Cart.php - Authenticated user_id: 2
[01-Dec-2025 19:23:20 Europe/Berlin] Cart.php - Action: add
[01-Dec-2025 19:23:20 Europe/Berlin] Cart.php - Data: {"action":"add","product_id":46,"quantity":1}
[01-Dec-2025 19:23:20 Europe/Berlin] Cart.php - Add action: product_id=46, quantity=1
[01-Dec-2025 19:23:20 Europe/Berlin] Cart.php - Checking if product already in cart for user 2
[01-Dec-2025 19:23:20 Europe/Berlin] Cart.php - Adding new product to cart
[01-Dec-2025 19:23:20 Europe/Berlin] Cart.php - Add action successful
[01-Dec-2025 19:23:20 Europe/Berlin] Cart.php - Request received: POST
[01-Dec-2025 19:23:20 Europe/Berlin] Cart.php - Request body: {}
[01-Dec-2025 19:23:20 Europe/Berlin] JWT Auth - Token received: YES
[01-Dec-2025 19:23:20 Europe/Berlin] JWT Auth - Token validated successfully for user_id: 2
[01-Dec-2025 19:23:20 Europe/Berlin] Cart.php - Authenticated user_id: 2
[01-Dec-2025 19:23:20 Europe/Berlin] Cart.php - Action: list
[01-Dec-2025 19:23:20 Europe/Berlin] Cart.php - Data: []
[01-Dec-2025 19:23:33 Europe/Berlin] Cart.php - Request received: POST
[01-Dec-2025 19:23:33 Europe/Berlin] Cart.php - Request body: {"action":"update","product_id":46,"quantity":2}
[01-Dec-2025 19:23:33 Europe/Berlin] JWT Auth - Token received: YES
[01-Dec-2025 19:23:33 Europe/Berlin] JWT Auth - Token validated successfully for user_id: 2
[01-Dec-2025 19:23:33 Europe/Berlin] Cart.php - Authenticated user_id: 2
[01-Dec-2025 19:23:33 Europe/Berlin] Cart.php - Action: update
[01-Dec-2025 19:23:33 Europe/Berlin] Cart.php - Data: {"action":"update","product_id":46,"quantity":2}
[01-Dec-2025 19:28:19 Europe/Berlin] Cart.php - Request received: POST
[01-Dec-2025 19:28:19 Europe/Berlin] Cart.php - Request body: {"action":"add","product_id":37,"quantity":1}
[01-Dec-2025 19:28:19 Europe/Berlin] JWT Auth - Token received: YES
[01-Dec-2025 19:28:19 Europe/Berlin] JWT Auth - Token validated successfully for user_id: 2
[01-Dec-2025 19:28:19 Europe/Berlin] Cart.php - Authenticated user_id: 2
[01-Dec-2025 19:28:19 Europe/Berlin] Cart.php - Action: add
[01-Dec-2025 19:28:19 Europe/Berlin] Cart.php - Data: {"action":"add","product_id":37,"quantity":1}
[01-Dec-2025 19:28:19 Europe/Berlin] Cart.php - Add action: product_id=37, quantity=1
[01-Dec-2025 19:28:19 Europe/Berlin] Cart.php - Checking if product already in cart for user 2
[01-Dec-2025 19:28:19 Europe/Berlin] Cart.php - Adding new product to cart
[01-Dec-2025 19:28:19 Europe/Berlin] Cart.php - Add action successful
[01-Dec-2025 19:28:19 Europe/Berlin] Cart.php - Request received: POST
[01-Dec-2025 19:28:19 Europe/Berlin] Cart.php - Request body: {}
[01-Dec-2025 19:28:19 Europe/Berlin] JWT Auth - Token received: YES
[01-Dec-2025 19:28:19 Europe/Berlin] JWT Auth - Token validated successfully for user_id: 2
[01-Dec-2025 19:28:19 Europe/Berlin] Cart.php - Authenticated user_id: 2
[01-Dec-2025 19:28:19 Europe/Berlin] Cart.php - Action: list
[01-Dec-2025 19:28:19 Europe/Berlin] Cart.php - Data: []
[01-Dec-2025 19:28:30 Europe/Berlin] Cart.php - Request received: POST
[01-Dec-2025 19:28:30 Europe/Berlin] Cart.php - Request body: {"action":"add","product_id":37,"quantity":1}
[01-Dec-2025 19:28:30 Europe/Berlin] JWT Auth - Token received: YES
[01-Dec-2025 19:28:30 Europe/Berlin] JWT Auth - Token validated successfully for user_id: 2
[01-Dec-2025 19:28:30 Europe/Berlin] Cart.php - Authenticated user_id: 2
[01-Dec-2025 19:28:30 Europe/Berlin] Cart.php - Action: add
[01-Dec-2025 19:28:30 Europe/Berlin] Cart.php - Data: {"action":"add","product_id":37,"quantity":1}
[01-Dec-2025 19:28:30 Europe/Berlin] Cart.php - Add action: product_id=37, quantity=1
[01-Dec-2025 19:28:30 Europe/Berlin] Cart.php - Checking if product already in cart for user 2
[01-Dec-2025 19:28:30 Europe/Berlin] Cart.php - Product already in cart, updating quantity
[01-Dec-2025 19:28:30 Europe/Berlin] Cart.php - Add action successful
[01-Dec-2025 19:28:31 Europe/Berlin] Cart.php - Request received: POST
[01-Dec-2025 19:28:31 Europe/Berlin] Cart.php - Request body: {}
[01-Dec-2025 19:28:31 Europe/Berlin] JWT Auth - Token received: YES
[01-Dec-2025 19:28:31 Europe/Berlin] JWT Auth - Token validated successfully for user_id: 2
[01-Dec-2025 19:28:31 Europe/Berlin] Cart.php - Authenticated user_id: 2
[01-Dec-2025 19:28:31 Europe/Berlin] Cart.php - Action: list
[01-Dec-2025 19:28:31 Europe/Berlin] Cart.php - Data: []
[01-Dec-2025 19:31:21 Europe/Berlin] Cart.php - Request received: POST
[01-Dec-2025 19:31:21 Europe/Berlin] Cart.php - Request body: {}
[01-Dec-2025 19:31:21 Europe/Berlin] JWT Auth - Token received: YES
[01-Dec-2025 19:31:21 Europe/Berlin] JWT Auth - Token validated successfully for user_id: 2
[01-Dec-2025 19:31:21 Europe/Berlin] Cart.php - Authenticated user_id: 2
[01-Dec-2025 19:31:21 Europe/Berlin] Cart.php - Action: list
[01-Dec-2025 19:31:21 Europe/Berlin] Cart.php - Data: []
[01-Dec-2025 19:31:28 Europe/Berlin] Cart.php - Request received: POST
[01-Dec-2025 19:31:28 Europe/Berlin] Cart.php - Request body: {"action":"add","product_id":46,"quantity":1}
[01-Dec-2025 19:31:28 Europe/Berlin] JWT Auth - Token received: YES
[01-Dec-2025 19:31:28 Europe/Berlin] JWT Auth - Token validated successfully for user_id: 2
[01-Dec-2025 19:31:28 Europe/Berlin] Cart.php - Authenticated user_id: 2
[01-Dec-2025 19:31:28 Europe/Berlin] Cart.php - Action: add
[01-Dec-2025 19:31:28 Europe/Berlin] Cart.php - Data: {"action":"add","product_id":46,"quantity":1}
[01-Dec-2025 19:31:28 Europe/Berlin] Cart.php - Add action: product_id=46, quantity=1
[01-Dec-2025 19:31:28 Europe/Berlin] Cart.php - Checking if product already in cart for user 2
[01-Dec-2025 19:31:28 Europe/Berlin] Cart.php - Adding new product to cart
[01-Dec-2025 19:31:28 Europe/Berlin] Cart.php - Add action successful
[01-Dec-2025 19:31:28 Europe/Berlin] Cart.php - Request received: POST
[01-Dec-2025 19:31:28 Europe/Berlin] Cart.php - Request body: {}
[01-Dec-2025 19:31:28 Europe/Berlin] JWT Auth - Token received: YES
[01-Dec-2025 19:31:28 Europe/Berlin] JWT Auth - Token validated successfully for user_id: 2
[01-Dec-2025 19:31:28 Europe/Berlin] Cart.php - Authenticated user_id: 2
[01-Dec-2025 19:31:28 Europe/Berlin] Cart.php - Action: list
[01-Dec-2025 19:31:28 Europe/Berlin] Cart.php - Data: []
[01-Dec-2025 19:31:40 Europe/Berlin] Cart.php - Request received: POST
[01-Dec-2025 19:31:40 Europe/Berlin] Cart.php - Request body: {"action":"update","product_id":46,"quantity":2}
[01-Dec-2025 19:31:40 Europe/Berlin] JWT Auth - Token received: YES
[01-Dec-2025 19:31:40 Europe/Berlin] JWT Auth - Token validated successfully for user_id: 2
[01-Dec-2025 19:31:40 Europe/Berlin] Cart.php - Authenticated user_id: 2
[01-Dec-2025 19:31:40 Europe/Berlin] Cart.php - Action: update
[01-Dec-2025 19:31:40 Europe/Berlin] Cart.php - Data: {"action":"update","product_id":46,"quantity":2}
[01-Dec-2025 19:34:04 Europe/Berlin] Cart.php - Request received: POST
[01-Dec-2025 19:34:04 Europe/Berlin] Cart.php - Request body: {"action":"add","product_id":45,"quantity":1}
[01-Dec-2025 19:34:04 Europe/Berlin] JWT Auth - Token received: YES
[01-Dec-2025 19:34:04 Europe/Berlin] JWT Auth - Token validated successfully for user_id: 2
[01-Dec-2025 19:34:04 Europe/Berlin] Cart.php - Authenticated user_id: 2
[01-Dec-2025 19:34:04 Europe/Berlin] Cart.php - Action: add
[01-Dec-2025 19:34:04 Europe/Berlin] Cart.php - Data: {"action":"add","product_id":45,"quantity":1}
[01-Dec-2025 19:34:04 Europe/Berlin] Cart.php - Add action: product_id=45, quantity=1
[01-Dec-2025 19:34:04 Europe/Berlin] Cart.php - Checking if product already in cart for user 2
[01-Dec-2025 19:34:04 Europe/Berlin] Cart.php - Adding new product to cart
[01-Dec-2025 19:34:04 Europe/Berlin] Cart.php - Add action successful
[01-Dec-2025 19:34:04 Europe/Berlin] Cart.php - Request received: POST
[01-Dec-2025 19:34:04 Europe/Berlin] Cart.php - Request body: {}
[01-Dec-2025 19:34:04 Europe/Berlin] JWT Auth - Token received: YES
[01-Dec-2025 19:34:04 Europe/Berlin] JWT Auth - Token validated successfully for user_id: 2
[01-Dec-2025 19:34:04 Europe/Berlin] Cart.php - Authenticated user_id: 2
[01-Dec-2025 19:34:04 Europe/Berlin] Cart.php - Action: list
[01-Dec-2025 19:34:04 Europe/Berlin] Cart.php - Data: []
[01-Dec-2025 19:34:09 Europe/Berlin] Cart.php - Request received: POST
[01-Dec-2025 19:34:09 Europe/Berlin] Cart.php - Request body: {"action":"add","product_id":44,"quantity":1}
[01-Dec-2025 19:34:09 Europe/Berlin] JWT Auth - Token received: YES
[01-Dec-2025 19:34:09 Europe/Berlin] JWT Auth - Token validated successfully for user_id: 2
[01-Dec-2025 19:34:09 Europe/Berlin] Cart.php - Authenticated user_id: 2
[01-Dec-2025 19:34:09 Europe/Berlin] Cart.php - Action: add
[01-Dec-2025 19:34:09 Europe/Berlin] Cart.php - Data: {"action":"add","product_id":44,"quantity":1}
[01-Dec-2025 19:34:09 Europe/Berlin] Cart.php - Add action: product_id=44, quantity=1
[01-Dec-2025 19:34:09 Europe/Berlin] Cart.php - Checking if product already in cart for user 2
[01-Dec-2025 19:34:09 Europe/Berlin] Cart.php - Adding new product to cart
[01-Dec-2025 19:34:09 Europe/Berlin] Cart.php - Add action successful
[01-Dec-2025 19:34:10 Europe/Berlin] Cart.php - Request received: POST
[01-Dec-2025 19:34:10 Europe/Berlin] Cart.php - Request body: {}
[01-Dec-2025 19:34:10 Europe/Berlin] JWT Auth - Token received: YES
[01-Dec-2025 19:34:10 Europe/Berlin] JWT Auth - Token validated successfully for user_id: 2
[01-Dec-2025 19:34:10 Europe/Berlin] Cart.php - Authenticated user_id: 2
[01-Dec-2025 19:34:10 Europe/Berlin] Cart.php - Action: list
[01-Dec-2025 19:34:10 Europe/Berlin] Cart.php - Data: []
[01-Dec-2025 19:35:04 Europe/Berlin] Cart.php - Request received: POST
[01-Dec-2025 19:35:04 Europe/Berlin] Cart.php - Request body: {}
[01-Dec-2025 19:35:04 Europe/Berlin] JWT Auth - Token received: YES
[01-Dec-2025 19:35:04 Europe/Berlin] JWT Auth - Token validated successfully for user_id: 2
[01-Dec-2025 19:35:04 Europe/Berlin] Cart.php - Authenticated user_id: 2
[01-Dec-2025 19:35:04 Europe/Berlin] Cart.php - Action: list
[01-Dec-2025 19:35:04 Europe/Berlin] Cart.php - Data: []
[01-Dec-2025 19:35:11 Europe/Berlin] Cart.php - Request received: POST
[01-Dec-2025 19:35:11 Europe/Berlin] Cart.php - Request body: {"action":"add","product_id":46,"quantity":1}
[01-Dec-2025 19:35:11 Europe/Berlin] JWT Auth - Token received: YES
[01-Dec-2025 19:35:11 Europe/Berlin] JWT Auth - Token validated successfully for user_id: 2
[01-Dec-2025 19:35:11 Europe/Berlin] Cart.php - Authenticated user_id: 2
[01-Dec-2025 19:35:11 Europe/Berlin] Cart.php - Action: add
[01-Dec-2025 19:35:11 Europe/Berlin] Cart.php - Data: {"action":"add","product_id":46,"quantity":1}
[01-Dec-2025 19:35:11 Europe/Berlin] Cart.php - Add action: product_id=46, quantity=1
[01-Dec-2025 19:35:11 Europe/Berlin] Cart.php - Checking if product already in cart for user 2
[01-Dec-2025 19:35:11 Europe/Berlin] Cart.php - Adding new product to cart
[01-Dec-2025 19:35:11 Europe/Berlin] Cart.php - Add action successful
[01-Dec-2025 19:35:11 Europe/Berlin] Cart.php - Request received: POST
[01-Dec-2025 19:35:11 Europe/Berlin] Cart.php - Request body: {}
[01-Dec-2025 19:35:11 Europe/Berlin] JWT Auth - Token received: YES
[01-Dec-2025 19:35:11 Europe/Berlin] JWT Auth - Token validated successfully for user_id: 2
[01-Dec-2025 19:35:11 Europe/Berlin] Cart.php - Authenticated user_id: 2
[01-Dec-2025 19:35:11 Europe/Berlin] Cart.php - Action: list
[01-Dec-2025 19:35:11 Europe/Berlin] Cart.php - Data: []
[01-Dec-2025 19:35:14 Europe/Berlin] Cart.php - Request received: POST
[01-Dec-2025 19:35:14 Europe/Berlin] Cart.php - Request body: {"action":"add","product_id":45,"quantity":1}
[01-Dec-2025 19:35:14 Europe/Berlin] JWT Auth - Token received: YES
[01-Dec-2025 19:35:14 Europe/Berlin] JWT Auth - Token validated successfully for user_id: 2
[01-Dec-2025 19:35:14 Europe/Berlin] Cart.php - Authenticated user_id: 2
[01-Dec-2025 19:35:14 Europe/Berlin] Cart.php - Action: add
[01-Dec-2025 19:35:14 Europe/Berlin] Cart.php - Data: {"action":"add","product_id":45,"quantity":1}
[01-Dec-2025 19:35:14 Europe/Berlin] Cart.php - Add action: product_id=45, quantity=1
[01-Dec-2025 19:35:14 Europe/Berlin] Cart.php - Checking if product already in cart for user 2
[01-Dec-2025 19:35:14 Europe/Berlin] Cart.php - Adding new product to cart
[01-Dec-2025 19:35:14 Europe/Berlin] Cart.php - Add action successful
[01-Dec-2025 19:35:14 Europe/Berlin] Cart.php - Request received: POST
[01-Dec-2025 19:35:14 Europe/Berlin] Cart.php - Request body: {}
[01-Dec-2025 19:35:14 Europe/Berlin] JWT Auth - Token received: YES
[01-Dec-2025 19:35:14 Europe/Berlin] JWT Auth - Token validated successfully for user_id: 2
[01-Dec-2025 19:35:14 Europe/Berlin] Cart.php - Authenticated user_id: 2
[01-Dec-2025 19:35:14 Europe/Berlin] Cart.php - Action: list
[01-Dec-2025 19:35:14 Europe/Berlin] Cart.php - Data: []
[01-Dec-2025 19:35:16 Europe/Berlin] Cart.php - Request received: POST
[01-Dec-2025 19:35:16 Europe/Berlin] Cart.php - Request body: {"action":"add","product_id":44,"quantity":1}
[01-Dec-2025 19:35:16 Europe/Berlin] JWT Auth - Token received: YES
[01-Dec-2025 19:35:16 Europe/Berlin] JWT Auth - Token validated successfully for user_id: 2
[01-Dec-2025 19:35:16 Europe/Berlin] Cart.php - Authenticated user_id: 2
[01-Dec-2025 19:35:16 Europe/Berlin] Cart.php - Action: add
[01-Dec-2025 19:35:16 Europe/Berlin] Cart.php - Data: {"action":"add","product_id":44,"quantity":1}
[01-Dec-2025 19:35:16 Europe/Berlin] Cart.php - Add action: product_id=44, quantity=1
[01-Dec-2025 19:35:16 Europe/Berlin] Cart.php - Checking if product already in cart for user 2
[01-Dec-2025 19:35:16 Europe/Berlin] Cart.php - Adding new product to cart
[01-Dec-2025 19:35:16 Europe/Berlin] Cart.php - Add action successful
[01-Dec-2025 19:35:17 Europe/Berlin] Cart.php - Request received: POST
[01-Dec-2025 19:35:17 Europe/Berlin] Cart.php - Request body: {}
[01-Dec-2025 19:35:17 Europe/Berlin] JWT Auth - Token received: YES
[01-Dec-2025 19:35:17 Europe/Berlin] JWT Auth - Token validated successfully for user_id: 2
[01-Dec-2025 19:35:17 Europe/Berlin] Cart.php - Authenticated user_id: 2
[01-Dec-2025 19:35:17 Europe/Berlin] Cart.php - Action: list
[01-Dec-2025 19:35:17 Europe/Berlin] Cart.php - Data: []
